-- MySQL dump 10.13  Distrib 5.1.73, for redhat-linux-gnu (x86_64)
--
-- Host: 127.0.0.1    Database: obelisk
-- ------------------------------------------------------
-- Server version	5.1.73-log

/*!40101 SET @OLD_CHARACTER_SET_CLIENT=@@CHARACTER_SET_CLIENT */;
/*!40101 SET @OLD_CHARACTER_SET_RESULTS=@@CHARACTER_SET_RESULTS */;
/*!40101 SET @OLD_COLLATION_CONNECTION=@@COLLATION_CONNECTION */;
/*!40101 SET NAMES utf8 */;
/*!40103 SET @OLD_TIME_ZONE=@@TIME_ZONE */;
/*!40103 SET TIME_ZONE='+00:00' */;
/*!40014 SET @OLD_UNIQUE_CHECKS=@@UNIQUE_CHECKS, UNIQUE_CHECKS=0 */;
/*!40014 SET @OLD_FOREIGN_KEY_CHECKS=@@FOREIGN_KEY_CHECKS, FOREIGN_KEY_CHECKS=0 */;
/*!40101 SET @OLD_SQL_MODE=@@SQL_MODE, SQL_MODE='NO_AUTO_VALUE_ON_ZERO' */;
/*!40111 SET @OLD_SQL_NOTES=@@SQL_NOTES, SQL_NOTES=0 */;

--
-- Table structure for table `MY_CACHE_VIEW`
--

DROP TABLE IF EXISTS `MY_CACHE_VIEW`;
/*!40101 SET @saved_cs_client     = @@character_set_client */;
/*!40101 SET character_set_client = utf8 */;
CREATE TABLE `MY_CACHE_VIEW` (
  `ID_INDEX` int(10) unsigned NOT NULL AUTO_INCREMENT,
  `ID_HASTDOCUMENT` varchar(250) DEFAULT NULL,
  `NAME_DOCUMENT` varchar(250) DEFAULT NULL,
  `TRDTVD` int(11) DEFAULT NULL,
  `ID_SERIE` int(11) DEFAULT NULL,
  `SERIE` varchar(250) DEFAULT NULL,
  `ID_SUBSERIE` int(11) DEFAULT NULL,
  `SUB_SERIE` varchar(250) DEFAULT NULL,
  `ID_TYPEDOCUMENT` int(11) DEFAULT NULL,
  `TYPEDOCUMENT` varchar(250) DEFAULT NULL,
  `SEARCH` text NOT NULL,
  `INDEX_1` text,
  `INDEX_2` text,
  `INDEX_4` text,
  `INDEX_5` text,
  `INDEX_6` text,
  `INDEX_7` text,
  `INDEX_8` text,
  `INDEX_9` text,
  `INDEX_10` text,
  `INDEX_11` text,
  `INDEX_13` text,
  `INDEX_14` text,
  `INDEX_15` text,
  `INDEX_16` text,
  `INDEX_17` text,
  `INDEX_18` text,
  PRIMARY KEY (`ID_INDEX`),
  FULLTEXT KEY `SEARCH` (`NAME_DOCUMENT`,`SERIE`,`SUB_SERIE`,`TYPEDOCUMENT`,`INDEX_1`,`INDEX_2`,`INDEX_4`,`INDEX_5`,`INDEX_6`,`INDEX_7`,`INDEX_8`,`INDEX_9`,`INDEX_10`,`INDEX_11`,`INDEX_13`,`INDEX_14`),
  FULLTEXT KEY `NAME_DOCUMENT` (`NAME_DOCUMENT`,`SERIE`,`SUB_SERIE`,`TYPEDOCUMENT`,`INDEX_1`,`INDEX_2`,`INDEX_4`,`INDEX_5`,`INDEX_6`,`INDEX_7`,`INDEX_8`,`INDEX_9`,`INDEX_10`,`INDEX_11`,`INDEX_13`,`INDEX_14`),
  FULLTEXT KEY `NAME_DOCUMENT_2` (`NAME_DOCUMENT`,`SERIE`,`SUB_SERIE`,`TYPEDOCUMENT`,`INDEX_1`,`INDEX_2`,`INDEX_4`,`INDEX_5`,`INDEX_6`,`INDEX_7`,`INDEX_8`,`INDEX_9`,`INDEX_10`,`INDEX_11`,`INDEX_13`,`INDEX_14`),
  FULLTEXT KEY `NAME_DOCUMENT_3` (`NAME_DOCUMENT`,`SERIE`,`SUB_SERIE`,`TYPEDOCUMENT`,`INDEX_1`,`INDEX_2`,`INDEX_4`,`INDEX_5`,`INDEX_6`,`INDEX_7`,`INDEX_8`,`INDEX_9`,`INDEX_10`,`INDEX_11`,`INDEX_13`,`INDEX_14`),
  FULLTEXT KEY `ID` (`NAME_DOCUMENT`,`SERIE`,`SUB_SERIE`,`TYPEDOCUMENT`,`INDEX_1`,`INDEX_2`,`INDEX_4`,`INDEX_5`,`INDEX_6`,`INDEX_7`,`INDEX_8`,`INDEX_9`,`INDEX_10`,`INDEX_11`,`INDEX_13`,`INDEX_14`),
  FULLTEXT KEY `SEARCH_2` (`SEARCH`),
  FULLTEXT KEY `SEARCH_3` (`SEARCH`),
  FULLTEXT KEY `INDEX_1` (`INDEX_1`,`INDEX_2`),
  FULLTEXT KEY `INDEX_14` (`INDEX_14`),
  FULLTEXT KEY `INDEX_11` (`INDEX_11`)
) ENGINE=MyISAM AUTO_INCREMENT=85 DEFAULT CHARSET=latin1;
/*!40101 SET character_set_client = @saved_cs_client */;

--
-- Dumping data for table `MY_CACHE_VIEW`
--

LOCK TABLES `MY_CACHE_VIEW` WRITE;
/*!40000 ALTER TABLE `MY_CACHE_VIEW` DISABLE KEYS */;
INSERT INTO `MY_CACHE_VIEW` VALUES (69,'31d85f40deee84a0c84a881c348892','documentoPrueba',1,22,'PLANEACION',23,'Planos Arquetectonicos',8,'PLANOS','PLANEACION - Planos Arquetectonicos - PLANOS= NAME : YEISON ANDRES HERNANDEZ, IDENTIFICATION : 1094887924, CORREO : yeihernandez@gmail.com, FECHANACIMIENTO : 2015-03-11, SUELDO : 3000000, ','YEISON ANDRES HERNANDEZ','1094887924',NULL,NULL,'yeihernandez@gmail.com',NULL,NULL,NULL,'2015-03-11','3000000',NULL,NULL,NULL,NULL,NULL,NULL),(68,'7a5604d5bc492edb50f0518314e5ca','documentoPrueba',1,6,'tales',7,'tales2',3,'LICENCIAS','tales - tales2 - LICENCIAS= LOTE : 3, IDENTIFICATION : 4, NAME : y, FECHANACIMIENTO : 2015-03-16, ','y','4','3',NULL,NULL,NULL,NULL,NULL,'2015-03-16',NULL,NULL,NULL,NULL,NULL,NULL,NULL),(66,'a08c87c0dd851a81a3be804ff576bd','documentoPrueba',1,1,'DEPARTAMENTO DE SISTEMAS',2,'LICENCIAS',3,'LICENCIAS','DEPARTAMENTO DE SISTEMAS - LICENCIAS - LICENCIAS= LOTE : 2, IDENTIFICATION : 1094, NAME : yeihernandez, FECHANACIMIENTO : 2015-03-10, ','yeihernandez','1094','2',NULL,NULL,NULL,NULL,NULL,'2015-03-10',NULL,NULL,NULL,NULL,NULL,NULL,NULL),(67,'02a10cad9a1f15e2c0de06aef21383','documentoPrueba',1,13,'SISTEMAS',14,'Software',5,'MANUALES','SISTEMAS - Software - MANUALES= SUELDO : 500, FECHANACIMIENTO : 2015-03-04, COBAMA : 3, TELEFONO : 8045434, CELULAR : 301234554, CORREO : admin@obelisksoft.com, Direccion : carrera 13, LOTE : 1, IDENTIFICATION : 121313, NAME : adminitrador, ','adminitrador','121313','1','carrera 13','admin@obelisksoft.com','301234554','8045434','3','2015-03-04','500',NULL,NULL,NULL,NULL,NULL,NULL),(70,'5d2606370558992848b67d50d55aa0','documentoPrueba',1,22,'PLANEACION',23,'Planos Arquetectonicos',8,'PLANOS','PLANEACION - Planos Arquetectonicos - PLANOS= NAME : CORNELIO JACINTO, IDENTIFICATION : 1094887929, CORREO : admin@yahoo.com, FECHANACIMIENTO : 2015-03-31, SUELDO : 500000, ','CORNELIO JACINTO','1094887929',NULL,NULL,'admin@yahoo.com',NULL,NULL,NULL,'2015-03-31','500000',NULL,NULL,NULL,NULL,NULL,NULL),(71,'383e29a7159ae22d301eebb64d6128','documentoPrueba',1,22,'PLANEACION',23,'Planos Arquetectonicos',8,'PLANOS','PLANEACION - Planos Arquetectonicos - PLANOS= NAME : MARIANA JARAMILLO TABORDA, IDENTIFICATION : 1152.012.364, CORREO : maria@gmail.com, FECHANACIMIENTO : 2014-05-13, SUELDO : 4500923, ','MARIANA JARAMILLO TABORDA','1152.012.364',NULL,NULL,'maria@gmail.com',NULL,NULL,NULL,'2014-05-13','4500923',NULL,NULL,NULL,NULL,NULL,NULL),(72,'e092c91a5d93540a4db71a81e8b398','documentoPrueba',1,22,'PLANEACION',23,'Planos Arquetectonicos',8,'PLANOS','PLANEACION - Planos Arquetectonicos - PLANOS= NAME : OSCAR GOMEZ, IDENTIFICATION : 98.989.898, CORREO : oxkr@hotmail.com, FECHANACIMIENTO : 2014-12-10, SUELDO : 560000, ','OSCAR GOMEZ','98.989.898',NULL,NULL,'oxkr@hotmail.com',NULL,NULL,NULL,'2014-12-10','560000',NULL,NULL,NULL,NULL,NULL,NULL),(73,'f5fb7ba6da2273b7e22a29585c927f','documentoPrueba',1,24,'SECRETARIA DE HACIENDA',25,'HACIENDA',9,'DECLARACIONES','SECRETARIA DE HACIENDA - HACIENDA - DECLARACIONES= NAME : GLORIA NANCY MONTOYA GIRALDO, IDENTIFICATION : 2524536, LOTE : 2, CORREO : nanci@gmail, CELULAR : 314896325, TELEFONO : 6050707, COBAMA : 3, FECHANACIMIENTO : 2015-03-03, SUELDO : 2562310, FOLIO : 2, EMPRESA : ICBF, ','GLORIA NANCY MONTOYA GIRALDO','2524536','2',NULL,'nanci@gmail','314896325','6050707','3','2015-03-03','2562310',NULL,'2','ICBF',NULL,NULL,NULL),(74,'f433c4f34639f19e6e812f5a8433be','documentoPrueba',1,13,'SISTEMAS',14,'Software',5,'MANUALES','SISTEMAS - Software - MANUALES= SUELDO : 9000, FECHANACIMIENTO : 2015-03-05, COBAMA : 1, TELEFONO : 3105804422, CELULAR : 3105804422, CORREO : obelisk@obelisk.com, Direccion : carrera 80 # 15-2, LOTE : 2, IDENTIFICATION : 80090916, NAME : PAPAS, ','PAPAS','80090916','2','carrera 80 # 15-2','obelisk@obelisk.com','3105804422','3105804422','1','2015-03-05','9000',NULL,NULL,NULL,NULL,NULL,NULL),(75,'5b9ccd96e85920ceb632964671f7f7','documentoPrueba',1,26,'LICENCIAS',27,'Ambientales',10,'ResolucionAmbiental','LICENCIAS - Ambientales - ResolucionAmbiental= NoResolucion : 5652, FechaResolucion : 2015-03-05, NombreResolucion : PERMISO TALA DE ARBOLES, ',NULL,NULL,NULL,NULL,NULL,NULL,NULL,NULL,NULL,NULL,NULL,NULL,NULL,'5652','2015-03-05','PERMISO TALA DE ARBOLES'),(76,'29576981bbebe47697ab1a0c7e3aeb','documentoPrueba',1,13,'SISTEMAS',14,'Software',5,'MANUALES','SISTEMAS - Software - MANUALES= SUELDO : saj, FECHANACIMIENTO : 2015-04-15, COBAMA : sdf, TELEFONO : fdka, CELULAR : 342, CORREO : ja, Direccion : sdkf, LOTE : sdkf, IDENTIFICATION : sfks, NAME : sdfk, ','sdfk','sfks','sdkf','sdkf','ja','342','fdka','sdf','2015-04-15','saj',NULL,NULL,NULL,NULL,NULL,NULL),(77,'3121fd666fab597557e7b77178f528','documentoPrueba',1,1,'DEPARTAMENTO DE SISTEMAS',2,'LICENCIAS',3,'LICENCIAS','DEPARTAMENTO DE SISTEMAS - LICENCIAS - LICENCIAS= LOTE : 12, IDENTIFICATION : asd, NAME : asfa, FECHANACIMIENTO : 2015-04-28, ','asfa','asd','12',NULL,NULL,NULL,NULL,NULL,'2015-04-28',NULL,NULL,NULL,NULL,NULL,NULL,NULL),(78,'aea9da48b71231ef904fb7b9b078b0','documentoPrueba',1,1,'DEPARTAMENTO DE SISTEMAS',2,'LICENCIAS',3,'LICENCIAS','DEPARTAMENTO DE SISTEMAS - LICENCIAS - LICENCIAS= LOTE : ASD, IDENTIFICATION : FSDF, NAME : SCAS, FECHANACIMIENTO : 2015-04-23, ','SCAS','FSDF','ASD',NULL,NULL,NULL,NULL,NULL,'2015-04-23',NULL,NULL,NULL,NULL,NULL,NULL,NULL),(79,'47d5e27c2a6dd48b45a67eebe4c226','documentoPrueba',1,13,'SISTEMAS',14,'Software',5,'MANUALES','SISTEMAS - Software - MANUALES= NAME : tales, NAME : 645641, NAME : 2, NAME : 12, NAME : 2, NAME : , NAME : , NAME : , NAME : , NAME : , NAME : , ','',NULL,NULL,NULL,NULL,NULL,NULL,NULL,NULL,NULL,NULL,NULL,NULL,NULL,NULL,NULL),(80,'d7304b6535e4366ae9bab60eb0ab95','documentoPrueba',1,13,'SISTEMAS',14,'Software',5,'MANUALES','SISTEMAS - Software - MANUALES= NAME : adsn, NAME : ad545, NAME : , NAME : , NAME : ye@tales, NAME : , NAME : , NAME : , NAME : , NAME : , NAME : , ','',NULL,NULL,NULL,NULL,NULL,NULL,NULL,NULL,NULL,NULL,NULL,NULL,NULL,NULL,NULL),(81,'6e2b0373cba10724c8fe1ba527f12e','documentoPrueba',1,1,'DEPARTAMENTO DE SISTEMAS',2,'LICENCIAS',3,'LICENCIAS','DEPARTAMENTO DE SISTEMAS - LICENCIAS - LICENCIAS= LOTE : 2, IDENTIFICATION : 987456321, NAME : cristobal, FECHANACIMIENTO : 2015-05-16, ','cristobal','987456321','2',NULL,NULL,NULL,NULL,NULL,'2015-05-16',NULL,NULL,NULL,NULL,NULL,NULL,NULL),(84,'244201f04b957e1e056f724e97863d','documentoPrueba',1,1,'DEPARTAMENTO DE SISTEMAS',2,'LICENCIAS',3,'LICENCIAS','DEPARTAMENTO DE SISTEMAS - LICENCIAS - LICENCIAS= LOTE : ATX123456, IDENTIFICATION : 154151, NAME : OSAMA, FECHANACIMIENTO : 2015-05-09, ','OSAMA','154151','ATX123456',NULL,NULL,NULL,NULL,NULL,'2015-05-09',NULL,NULL,NULL,NULL,NULL,NULL,NULL);
/*!40000 ALTER TABLE `MY_CACHE_VIEW` ENABLE KEYS */;
UNLOCK TABLES;

--
-- Table structure for table `MY_DOCUMENTRETENTIONS`
--

DROP TABLE IF EXISTS `MY_DOCUMENTRETENTIONS`;
/*!40101 SET @saved_cs_client     = @@character_set_client */;
/*!40101 SET character_set_client = utf8 */;
CREATE TABLE `MY_DOCUMENTRETENTIONS` (
  `ID_DOCRETENTION` int(11) NOT NULL AUTO_INCREMENT,
  `ID_HASTDOCUMENT` varchar(50) NOT NULL,
  `ID_RETENTIONPARENT` int(11) DEFAULT NULL,
  `ID_RETENTIONCHILL` int(11) DEFAULT NULL,
  `ID_DOCTYPE` int(11) NOT NULL,
  PRIMARY KEY (`ID_DOCRETENTION`)
) ENGINE=InnoDB AUTO_INCREMENT=142 DEFAULT CHARSET=latin1;
/*!40101 SET character_set_client = @saved_cs_client */;

--
-- Dumping data for table `MY_DOCUMENTRETENTIONS`
--

LOCK TABLES `MY_DOCUMENTRETENTIONS` WRITE;
/*!40000 ALTER TABLE `MY_DOCUMENTRETENTIONS` DISABLE KEYS */;
INSERT INTO `MY_DOCUMENTRETENTIONS` VALUES (1,'0',1,2,0),(2,'9787b74100f9f5a7ee8088a0c9e936',1,2,1),(3,'a4010e32a7332c7e12c36a5fcea14d',1,2,1),(4,'3edb0cf3269fb1f7219e38232a2d7f',1,2,1),(5,'6c1f67cd581d5ab1a5c77fca49278d',1,2,1),(6,'7d9dcb1efab09fc9bac1d92c83413e',1,2,1),(7,'92e62239819596e9ded996258d98ac',13,14,5),(8,'370ff748d3f2f837f0171b4e2642ea',13,14,5),(9,'0b2e916e7a8aaf945b45d8a0952fcb',6,7,1),(10,'a08c87c0dd851a81a3be804ff576bd',1,2,3),(11,'02a10cad9a1f15e2c0de06aef21383',13,14,5),(12,'7a5604d5bc492edb50f0518314e5ca',6,7,3),(13,'31d85f40deee84a0c84a881c348892',22,23,8),(14,'5d2606370558992848b67d50d55aa0',22,23,8),(15,'383e29a7159ae22d301eebb64d6128',22,23,8),(16,'e092c91a5d93540a4db71a81e8b398',22,23,8),(17,'f5fb7ba6da2273b7e22a29585c927f',24,25,9),(18,'f433c4f34639f19e6e812f5a8433be',13,14,5),(19,'5b9ccd96e85920ceb632964671f7f7',26,27,10),(20,'29576981bbebe47697ab1a0c7e3aeb',13,14,5),(21,'3121fd666fab597557e7b77178f528',1,2,3),(22,'aea9da48b71231ef904fb7b9b078b0',1,2,3),(23,'47d5e27c2a6dd48b45a67eebe4c226',13,14,5),(24,'d7304b6535e4366ae9bab60eb0ab95',13,14,5),(25,'6e2b0373cba10724c8fe1ba527f12e',1,2,3),(26,'7ad8061cf215053a8a556b7989a0cc',1,2,3),(27,'a5c2f7f035771bbe45f15bf95638db',1,2,3),(28,'244201f04b957e1e056f724e97863d',1,2,3),(29,'9d7340b7bc5bc02ed1b38ddfae6b32',1,2,3),(30,'5fab5f5b11eaf740fe69110ebe78ad',1,2,3),(31,'28b080a65449a47a7d4eea86cdbcf4',1,2,3),(32,'d1c10daec2f8a843f32436265f41e0',1,2,3),(33,'118a72e012ca958e1c18ec9c5d4219',1,2,3),(34,'14cd4ee3e8b3f02d3a5adf23160861',1,2,3),(35,'6280fbb83a98f3bfbafaadd3773ace',1,2,3),(36,'02d8fa644b381c64c558eea511ec64',1,2,3),(37,'707d4283c612908e6c7c9a28e3a608',1,2,3),(38,'99929794f6f23f20718472ecdc8b84',1,2,3),(39,'0b5343daca514fa4a70ff5b7ea5fe5',1,2,3),(40,'81881954cf33013bf8a6ef10c1046e',1,2,3),(41,'50e98dae1a7c6ece0a1ae8396943d5',1,2,3),(42,'0f01ead43da34004296b61b678b486',1,2,3),(43,'e71beddfd62072b4b766b11c0ce668',1,2,3),(44,'e99966a4b5da5f2da28d46382e3ece',1,2,3),(45,'f24f07334e42cca3cdf60886637c23',1,2,3),(46,'8de279f60c25a7a1422a743ad05562',1,2,3),(47,'16483484618d13a3393c4955fd0991',1,2,1),(48,'a7d59bcbdbb352f737b70a83ef4b51',1,2,1),(49,'f563b4569ce0fd74c5ac638ccf1a63',1,2,1),(50,'bab164cc96e25587201c9295ffb3fc',1,2,1),(51,'c29f066d82f8495b1f5081b0640536',1,2,1),(52,'66ffb3337a7fa47247eee43db56ce0',1,2,1),(53,'9059408d538f8f1409ede21638a9cc',1,2,1),(54,'74bc14b44e4cb1714ee48eeaf4ebf2',1,2,1),(55,'c28ce476f02ee1c8b8c1612e6d8492',1,2,1),(56,'de9047e8c91fd024b34b091b0d5ea9',1,2,1),(57,'3bb8aab85787722da7586db5f3079f',1,2,1),(58,'26eb0f640d0b172c8780035332f5e8',1,2,1),(59,'a490a4fea109607aa39b6220693ad7',1,2,1),(60,'4c96eaafc120bf3cf1a6fdda783c81',1,2,1),(61,'216e168c8b0e7dc3bacdbf84c575d3',1,2,1),(62,'503850d2db761ac8fc4c5dac01c031',1,2,1),(63,'62937047fda43dd54a33609aaa83c2',1,2,1),(64,'79a9d6073a228cb8d76a39cc48b98f',1,2,1),(65,'936f07d7cb1f85ee8579c0f3c33a06',1,2,1),(66,'58de29e7191c58dae21097ead0763a',1,2,1),(67,'3734a4dcfa0727931f26923b1a034f',1,2,3),(68,'af4fd4d90bc37775570baf1cd7dfcd',1,2,3),(69,'3433c68498d3391a4a55f7cdf43b13',1,2,3),(70,'0f830bdc13245db53c6094b5adfdf4',1,2,3),(71,'81ad5b9b81316915b0cea6815e6979',1,2,3),(72,'3cd1757136e19ed0254113de78ad33',1,2,3),(73,'4ff1d1db63f345eebfd31ea54fca8e',1,2,3),(74,'bfa24bad856d42abc38b5f09dc223c',1,2,3),(75,'7c1e2a964468057bdfdad60f3069af',1,2,3),(76,'8d66df5a85f0f24f5e89798a0dc1e5',1,2,3),(77,'4b6e94fb3f2ed03f3e5813556486d4',1,2,3),(78,'2477ff54f554e3291a31cd1aa49aaa',1,2,3),(79,'1aab42ded410776d899803588c692e',1,2,3),(80,'94c71d322025d3c7765bcd10e00b01',1,2,3),(81,'5f5eb6c2de96bf4f48216a9c353eea',1,2,3),(82,'c3161c184118aa12f03e9738a63546',1,2,3),(83,'8267f09c00721a60037be604f0a99e',1,2,3),(84,'331526cac4a28d507e6e2345d44ab9',1,2,3),(85,'50d28ae2c1136ee7c62f0ee7e7f7c3',1,2,3),(86,'3b24cd140676edeac95ecba815502b',1,2,3),(87,'339a3992820563eeea5bec6659febd',1,2,3),(88,'b155444938a442db62d92b4ba62c5b',1,2,3),(89,'9cb505d2b8056104c41496d2cb5a85',1,2,3),(90,'761a5f8ca14ae52cdd0491a73df549',1,2,3),(91,'1c94c312d2ed1f8a2fa7f55275a362',1,2,3),(92,'0683ad954945c5673848b6423a5c56',1,2,3),(93,'3fe380bea45c52b65a6cc0d15ed3c6',1,2,3),(94,'9c32ed80dd297af089510c4a3bd7c4',1,2,3),(95,'e3862e368acbcd00d57bd3133599e1',1,2,3),(96,'d3e2b32eb3d9aee08d82a27b0eb8ae',1,2,3),(97,'41135103cf6e37080ea4e19ac5b689',1,2,3),(98,'23d94ef11151c9396a4ba9623e5b2d',1,2,3),(99,'f300d50db52a483d256d9023e59ecc',1,2,3),(100,'ceca9a07ae16fff3e960a5967c5639',1,2,3),(101,'3881813368978301c96f3d70127a77',1,2,3),(102,'b492ffc2c79bd1342e97deb7d32d81',1,2,3),(103,'cc8731b57fcb6d34e88350e21f3999',1,2,3),(104,'2c55b5cc347ab30a856d660e80c105',1,2,3),(105,'bf123fc6e34d5434a62140dc32122e',1,2,3),(106,'28efa86ea4c2c78f6047a835bb4732',1,2,3),(107,'ee391f7844a0615c3d7c2ae1388e43',1,2,3),(108,'2d91dc9d0a9e50cf206061261b0853',1,2,3),(109,'eda4281d816d6d51da2116138b575c',1,2,3),(110,'726b1312e7a7353e2c680a546f0283',1,2,3),(111,'8fe3d9ec8be1f69fe522c1c98ef39e',1,2,3),(112,'4a2a04b5973af24e0a44c71c54d1cc',1,2,3),(113,'8b01b031d573986bfd8e176f89094d',1,2,3),(114,'dee3098c1c9d88e565cbe1580bdf04',1,2,3),(115,'e8773874a5a4872fd4d0bd5f07e5db',1,2,3),(116,'526e660d5a7e3c5dc1faa261d08a89',1,2,3),(117,'4f04bb48580574b9680bd68e891ea7',1,2,3),(118,'213f1a84c49c518baa309c1716c494',1,2,3),(119,'23851b80718fa8e86789c6c764a454',1,2,3),(120,'b7b9b4b9bd300ee1ff925987d48414',1,2,3),(121,'3a4710d5675a83e33cb280ffa1e97b',1,2,3),(122,'d2d3fa903b03fedc49174281b5c490',1,2,3),(123,'862dda5383c3d6bc06ad1302c80aae',1,2,3),(124,'6b37398eb19c16de9b914f7bd228a9',1,2,3),(125,'e60eebac941938d325825397a73f0c',1,2,3),(126,'527eb75ae7c9e72ae4cf11e0f0936a',1,2,3),(127,'7b0ee8dbd2ae26cdaf6ee2fcf9328c',22,23,8),(128,'ec7a98f00d3d79a840890cffaf89fc',22,23,8),(129,'7fd438383e91bea5524618a10bb2ae',6,7,1),(130,'a41e483a6d97ad20ce41a75f83fbc6',6,7,1),(131,'6e7179fb0e8806fc9780d9be72009c',6,7,1),(132,'28d9be72c720afc66ecccbeffbb835',6,7,1),(133,'48505709914704a9ee55db4ab244f3',6,7,1),(134,'878cdeaa4738eb649f0ccce0413212',6,7,1),(135,'7a772e2c90a04523152575dc93543c',6,7,1),(136,'7a0361865c1ba0919408ce562cf2c5',6,7,1),(137,'5ef70bfb47a88725c061ea3400b374',6,7,1),(138,'0161f62cc930ec60b6e08c36772a3b',6,7,1),(139,'6d3dc86dd6c2b66687e0c024d6c896',6,7,1),(140,'fa411c4069544a8275ac4f0ff9ba73',6,7,1),(141,'426309fd669558fa537a8ef019acb2',6,7,1);
/*!40000 ALTER TABLE `MY_DOCUMENTRETENTIONS` ENABLE KEYS */;
UNLOCK TABLES;

--
-- Table structure for table `MY_FOLDERS`
--

DROP TABLE IF EXISTS `MY_FOLDERS`;
/*!40101 SET @saved_cs_client     = @@character_set_client */;
/*!40101 SET character_set_client = utf8 */;
CREATE TABLE `MY_FOLDERS` (
  `ID_FOLDER` int(11) NOT NULL AUTO_INCREMENT,
  `ID_REPOSITORY` int(11) NOT NULL,
  `NO_FILE` int(11) NOT NULL,
  `NO_FOLDER` int(11) NOT NULL,
  PRIMARY KEY (`ID_FOLDER`)
) ENGINE=InnoDB AUTO_INCREMENT=151 DEFAULT CHARSET=latin1;
/*!40101 SET character_set_client = @saved_cs_client */;

--
-- Dumping data for table `MY_FOLDERS`
--

LOCK TABLES `MY_FOLDERS` WRITE;
/*!40000 ALTER TABLE `MY_FOLDERS` DISABLE KEYS */;
INSERT INTO `MY_FOLDERS` VALUES (44,2,1,1),(45,2,2,1),(46,2,3,1),(47,2,4,1),(48,2,5,1),(49,2,6,1),(50,2,7,1),(51,2,8,1),(52,2,9,1),(53,2,10,1),(54,2,11,1),(55,2,12,1),(56,2,13,1),(57,2,1,2),(58,2,2,2),(59,2,3,2),(60,2,4,2),(61,2,5,2),(62,2,6,2),(63,2,7,2),(64,2,8,2),(65,2,9,2),(66,2,10,2),(67,2,1,3),(68,3,2,3),(69,3,3,3),(70,3,4,3),(71,4,5,3),(72,4,6,3),(73,4,7,3),(74,4,8,3),(75,4,9,3),(76,4,10,3),(77,4,1,4),(78,4,2,4),(79,4,3,4),(80,4,4,4),(81,4,5,4),(82,4,6,4),(83,4,7,4),(84,4,8,4),(85,4,9,4),(86,4,10,4),(87,4,1,5),(88,4,2,5),(89,4,3,5),(90,4,4,5),(91,4,5,5),(92,4,6,5),(93,4,7,5),(94,4,8,5),(95,4,9,5),(96,4,10,5),(97,4,1,6),(98,4,2,6),(99,4,3,6),(100,4,4,6),(101,4,5,6),(102,4,6,6),(103,4,7,6),(104,4,8,6),(105,4,9,6),(106,4,10,6),(107,4,1,7),(108,4,2,7),(109,4,3,7),(110,4,4,7),(111,4,5,7),(112,4,6,7),(113,4,7,7),(114,4,8,7),(115,4,9,7),(116,4,10,7),(117,4,1,8),(118,4,2,8),(119,4,3,8),(120,4,4,8),(121,4,5,8),(122,4,6,8),(123,4,7,8),(124,4,8,8),(125,4,9,8),(126,4,10,8),(127,4,1,9),(128,4,2,9),(129,4,3,9),(130,4,4,9),(131,4,5,9),(132,4,6,9),(133,4,7,9),(134,4,8,9),(135,4,9,9),(136,4,10,9),(137,4,1,10),(138,4,2,10),(139,4,3,10),(140,4,4,10),(141,4,5,10),(142,4,6,10),(143,4,7,10),(144,4,8,10),(145,4,9,10),(146,4,10,10),(147,4,1,11),(148,4,2,11),(149,4,3,11),(150,4,4,11);
/*!40000 ALTER TABLE `MY_FOLDERS` ENABLE KEYS */;
UNLOCK TABLES;

--
-- Table structure for table `MY_REPOSITORY`
--

DROP TABLE IF EXISTS `MY_REPOSITORY`;
/*!40101 SET @saved_cs_client     = @@character_set_client */;
/*!40101 SET character_set_client = utf8 */;
CREATE TABLE `MY_REPOSITORY` (
  `ID_REPOSITORY` int(11) NOT NULL AUTO_INCREMENT,
  `NAME_REPOSITORY` varchar(250) NOT NULL,
  `PATH_REPOSITORY` varchar(250) NOT NULL,
  `USER_REPOSITORY` varchar(250) NOT NULL,
  `PASS_REPOSITORY` varchar(250) NOT NULL,
  `DESCRIPTION` text NOT NULL,
  `ID_STATUS` int(11) NOT NULL,
  `DATE` date NOT NULL,
  `ORDEN` int(11) NOT NULL,
  PRIMARY KEY (`ID_REPOSITORY`)
) ENGINE=InnoDB AUTO_INCREMENT=5 DEFAULT CHARSET=latin1;
/*!40101 SET character_set_client = @saved_cs_client */;

--
-- Dumping data for table `MY_REPOSITORY`
--

LOCK TABLES `MY_REPOSITORY` WRITE;
/*!40000 ALTER TABLE `MY_REPOSITORY` DISABLE KEYS */;
INSERT INTO `MY_REPOSITORY` VALUES (2,'Obelisk','/obeliskdata','root','loquesea','Bodega del repositori',1,'2015-04-07',3),(3,'Repositorio2','/obeliskdata','root','loquesea','esto es un repostorio de ejemplo\r\n',1,'2015-05-16',1),(4,'Repositorioprueba','/obeliskdata','admin','loquesea123','Prueba 24 may',1,'2015-05-24',2);
/*!40000 ALTER TABLE `MY_REPOSITORY` ENABLE KEYS */;
UNLOCK TABLES;

--
-- Table structure for table `my_documents`
--

DROP TABLE IF EXISTS `my_documents`;
/*!40101 SET @saved_cs_client     = @@character_set_client */;
/*!40101 SET character_set_client = utf8 */;
CREATE TABLE `my_documents` (
  `id_document` int(11) NOT NULL AUTO_INCREMENT,
  `namedocument` varchar(50) NOT NULL,
  `id_hastdocument` varchar(50) NOT NULL,
  `id_trdtvd` int(11) NOT NULL,
  `id_typedoc` int(11) NOT NULL,
  `id_user` int(11) NOT NULL,
  `date` datetime NOT NULL,
  `index` int(11) DEFAULT NULL,
  PRIMARY KEY (`id_document`)
) ENGINE=MyISAM AUTO_INCREMENT=148 DEFAULT CHARSET=latin1;
/*!40101 SET character_set_client = @saved_cs_client */;

--
-- Dumping data for table `my_documents`
--

LOCK TABLES `my_documents` WRITE;
/*!40000 ALTER TABLE `my_documents` DISABLE KEYS */;
INSERT INTO `my_documents` VALUES (1,'documentoPrueba','412a8c988030a2bb7608ff810e1c4a',1,1,1,'2014-10-13 13:10:30',1),(2,'documentoPrueba','eba6f3360ea5433190cf899aa3855b',1,1,1,'2014-10-13 13:10:33',1),(3,'documentoPrueba','7e150046d600c3d7d06419afff532e',1,1,1,'2014-10-13 13:10:44',1),(4,'documentoPrueba','f16e762ae1926771002621b4fad98a',1,1,1,'2014-10-13 13:10:54',1),(5,'documentoPrueba','09713ae5618ab48926055db5a6cef2',1,5,1,'2014-10-13 13:39:13',1),(6,'documentoPrueba','290d2a31b2e32ddf87dea2746c8a48',1,1,1,'2014-10-13 15:06:21',1),(7,'documentoPrueba','5689839bd96008fe4414fb2657b04a',1,1,1,'2014-10-13 15:13:34',1),(8,'documentoPrueba','7bd0419276268a0df2ebb9d55f0cc6',1,1,1,'2014-10-13 15:15:44',1),(9,'documentoPrueba','ca663da1d0f0f93269ee0b91c5ac96',1,5,1,'2015-03-17 10:43:07',1),(10,'documentoPrueba','5f1764fd5d8743f56f4bfafb4322df',1,1,1,'2015-03-17 10:55:46',1),(11,'documentoPrueba','297cb3f25e893bea3e7f7fab4ba60c',1,1,1,'2015-03-17 11:07:43',1),(12,'documentoPrueba','7d9dcb1efab09fc9bac1d92c83413e',1,1,1,'2015-03-17 21:52:52',1),(13,'documentoPrueba','92e62239819596e9ded996258d98ac',1,5,1,'2015-03-17 21:53:48',1),(14,'documentoPrueba','370ff748d3f2f837f0171b4e2642ea',1,5,1,'2015-03-18 01:07:15',1),(15,'documentoPrueba','0b2e916e7a8aaf945b45d8a0952fcb',1,1,1,'2015-03-18 11:26:29',1),(16,'documentoPrueba','a08c87c0dd851a81a3be804ff576bd',1,3,1,'2015-03-18 12:03:39',1),(17,'documentoPrueba','02a10cad9a1f15e2c0de06aef21383',1,5,1,'2015-03-18 13:48:44',1),(18,'documentoPrueba','7a5604d5bc492edb50f0518314e5ca',1,3,1,'2015-03-18 17:01:33',1),(19,'documentoPrueba','31d85f40deee84a0c84a881c348892',1,8,1,'2015-03-19 10:37:35',1),(20,'documentoPrueba','5d2606370558992848b67d50d55aa0',1,8,1,'2015-03-19 13:35:29',1),(21,'documentoPrueba','383e29a7159ae22d301eebb64d6128',1,8,1,'2015-03-19 20:35:40',1),(22,'documentoPrueba','e092c91a5d93540a4db71a81e8b398',1,8,1,'2015-03-19 20:43:29',1),(23,'documentoPrueba','f5fb7ba6da2273b7e22a29585c927f',1,9,1,'2015-03-19 23:01:35',1),(24,'documentoPrueba','f433c4f34639f19e6e812f5a8433be',1,5,1,'2015-03-22 13:02:45',1),(25,'documentoPrueba','5b9ccd96e85920ceb632964671f7f7',1,10,1,'2015-03-22 13:17:03',1),(26,'documentoPrueba','29576981bbebe47697ab1a0c7e3aeb',1,5,1,'2015-04-17 21:01:50',1),(27,'documentoPrueba','3121fd666fab597557e7b77178f528',1,3,1,'2015-04-17 21:03:26',1),(28,'documentoPrueba','aea9da48b71231ef904fb7b9b078b0',1,3,1,'2015-04-18 20:14:33',1),(29,'documentoPrueba','47d5e27c2a6dd48b45a67eebe4c226',1,5,1,'2015-05-11 19:21:07',1),(30,'documentoPrueba','d7304b6535e4366ae9bab60eb0ab95',1,5,1,'2015-05-11 19:24:04',1),(31,'documentoPrueba','6e2b0373cba10724c8fe1ba527f12e',1,3,1,'2015-05-11 19:30:43',1),(34,'documentoPrueba','244201f04b957e1e056f724e97863d',1,3,1,'2015-05-13 10:26:02',1),(35,'documentoPrueba','9d7340b7bc5bc02ed1b38ddfae6b32',1,3,1,'2015-05-16 16:01:10',NULL),(36,'documentoPrueba','5fab5f5b11eaf740fe69110ebe78ad',1,3,1,'2015-05-16 17:37:55',NULL),(37,'documentoPrueba','28b080a65449a47a7d4eea86cdbcf4',1,3,1,'2015-05-16 17:38:07',NULL),(38,'documentoPrueba','d1c10daec2f8a843f32436265f41e0',1,3,1,'2015-05-16 17:43:04',NULL),(39,'documentoPrueba','118a72e012ca958e1c18ec9c5d4219',1,3,1,'2015-05-16 17:45:11',NULL),(40,'documentoPrueba','14cd4ee3e8b3f02d3a5adf23160861',1,3,1,'2015-05-16 17:48:29',NULL),(41,'documentoPrueba','6280fbb83a98f3bfbafaadd3773ace',1,3,1,'2015-05-16 17:49:46',NULL),(42,'documentoPrueba','02d8fa644b381c64c558eea511ec64',1,3,1,'2015-05-16 17:49:54',NULL),(43,'documentoPrueba','707d4283c612908e6c7c9a28e3a608',1,3,1,'2015-05-17 11:22:36',NULL),(44,'documentoPrueba','99929794f6f23f20718472ecdc8b84',1,3,1,'2015-05-17 14:31:23',NULL),(45,'documentoPrueba','0b5343daca514fa4a70ff5b7ea5fe5',1,3,1,'2015-05-17 14:57:22',NULL),(46,'documentoPrueba','81881954cf33013bf8a6ef10c1046e',1,3,1,'2015-05-17 15:04:58',NULL),(47,'documentoPrueba','50e98dae1a7c6ece0a1ae8396943d5',1,3,1,'2015-05-17 15:06:14',NULL),(48,'documentoPrueba','0f01ead43da34004296b61b678b486',1,3,1,'2015-05-17 15:09:47',NULL),(49,'documentoPrueba','e71beddfd62072b4b766b11c0ce668',1,3,1,'2015-05-17 15:11:57',NULL),(50,'documentoPrueba','e99966a4b5da5f2da28d46382e3ece',1,3,1,'2015-05-17 15:13:18',NULL),(51,'documentoPrueba','f24f07334e42cca3cdf60886637c23',1,3,1,'2015-05-17 15:15:06',NULL),(52,'documentoPrueba','8de279f60c25a7a1422a743ad05562',1,3,1,'2015-05-17 15:19:19',NULL),(53,'documentoPrueba','16483484618d13a3393c4955fd0991',1,1,1,'2015-05-18 15:02:06',NULL),(54,'documentoPrueba','a7d59bcbdbb352f737b70a83ef4b51',1,1,1,'2015-05-18 15:03:19',NULL),(55,'documentoPrueba','f563b4569ce0fd74c5ac638ccf1a63',1,1,1,'2015-05-18 15:04:03',NULL),(56,'documentoPrueba','bab164cc96e25587201c9295ffb3fc',1,1,1,'2015-05-18 15:04:56',NULL),(57,'documentoPrueba','c29f066d82f8495b1f5081b0640536',1,1,1,'2015-05-18 15:04:56',NULL),(58,'documentoPrueba','66ffb3337a7fa47247eee43db56ce0',1,1,1,'2015-05-18 15:05:30',NULL),(59,'documentoPrueba','9059408d538f8f1409ede21638a9cc',1,1,1,'2015-05-18 15:06:04',NULL),(60,'documentoPrueba','74bc14b44e4cb1714ee48eeaf4ebf2',1,1,1,'2015-05-18 15:14:34',NULL),(61,'documentoPrueba','c28ce476f02ee1c8b8c1612e6d8492',1,1,1,'2015-05-18 15:14:53',NULL),(62,'documentoPrueba','de9047e8c91fd024b34b091b0d5ea9',1,1,1,'2015-05-18 15:15:04',NULL),(63,'documentoPrueba','3bb8aab85787722da7586db5f3079f',1,1,1,'2015-05-18 15:15:10',NULL),(64,'documentoPrueba','26eb0f640d0b172c8780035332f5e8',1,1,1,'2015-05-18 15:17:49',NULL),(65,'documentoPrueba','a490a4fea109607aa39b6220693ad7',1,1,1,'2015-05-18 15:19:49',NULL),(66,'documentoPrueba','4c96eaafc120bf3cf1a6fdda783c81',1,1,1,'2015-05-18 15:43:34',NULL),(67,'documentoPrueba','216e168c8b0e7dc3bacdbf84c575d3',1,1,1,'2015-05-18 15:49:25',NULL),(68,'documentoPrueba','503850d2db761ac8fc4c5dac01c031',1,1,1,'2015-05-18 15:50:18',NULL),(69,'documentoPrueba','62937047fda43dd54a33609aaa83c2',1,1,1,'2015-05-18 15:50:50',NULL),(70,'documentoPrueba','79a9d6073a228cb8d76a39cc48b98f',1,1,1,'2015-05-18 15:51:28',NULL),(71,'documentoPrueba','936f07d7cb1f85ee8579c0f3c33a06',1,1,1,'2015-05-18 15:52:18',NULL),(72,'documentoPrueba','58de29e7191c58dae21097ead0763a',1,1,1,'2015-05-18 15:52:22',NULL),(73,'documentoPrueba','3734a4dcfa0727931f26923b1a034f',1,3,1,'2015-05-18 15:52:52',NULL),(74,'documentoPrueba','af4fd4d90bc37775570baf1cd7dfcd',1,3,1,'2015-05-18 15:54:06',NULL),(75,'documentoPrueba','3433c68498d3391a4a55f7cdf43b13',1,3,1,'2015-05-18 15:54:49',NULL),(76,'documentoPrueba','0f830bdc13245db53c6094b5adfdf4',1,3,1,'2015-05-18 15:55:14',NULL),(77,'documentoPrueba','81ad5b9b81316915b0cea6815e6979',1,3,1,'2015-05-18 15:55:14',NULL),(78,'documentoPrueba','3cd1757136e19ed0254113de78ad33',1,3,1,'2015-05-18 15:55:17',NULL),(79,'documentoPrueba','4ff1d1db63f345eebfd31ea54fca8e',1,3,1,'2015-05-18 15:55:18',NULL),(80,'documentoPrueba','bfa24bad856d42abc38b5f09dc223c',1,3,1,'2015-05-18 15:56:05',NULL),(81,'documentoPrueba','7c1e2a964468057bdfdad60f3069af',1,3,1,'2015-05-18 15:58:44',NULL),(82,'documentoPrueba','8d66df5a85f0f24f5e89798a0dc1e5',1,3,1,'2015-05-18 15:59:01',NULL),(83,'documentoPrueba','4b6e94fb3f2ed03f3e5813556486d4',1,3,1,'2015-05-18 15:59:01',NULL),(84,'documentoPrueba','2477ff54f554e3291a31cd1aa49aaa',1,3,1,'2015-05-18 15:59:44',NULL),(85,'documentoPrueba','1aab42ded410776d899803588c692e',1,3,1,'2015-05-18 16:01:51',NULL),(86,'documentoPrueba','94c71d322025d3c7765bcd10e00b01',1,3,1,'2015-05-18 16:01:56',NULL),(87,'documentoPrueba','5f5eb6c2de96bf4f48216a9c353eea',1,3,1,'2015-05-18 16:02:46',NULL),(88,'documentoPrueba','c3161c184118aa12f03e9738a63546',1,3,1,'2015-05-18 16:02:46',NULL),(89,'documentoPrueba','8267f09c00721a60037be604f0a99e',1,3,1,'2015-05-18 16:02:55',NULL),(90,'documentoPrueba','331526cac4a28d507e6e2345d44ab9',1,3,1,'2015-05-18 16:03:39',NULL),(91,'documentoPrueba','50d28ae2c1136ee7c62f0ee7e7f7c3',1,3,1,'2015-05-18 16:03:40',NULL),(92,'documentoPrueba','3b24cd140676edeac95ecba815502b',1,3,1,'2015-05-18 16:03:50',NULL),(93,'documentoPrueba','339a3992820563eeea5bec6659febd',1,3,1,'2015-05-18 16:03:50',NULL),(94,'documentoPrueba','b155444938a442db62d92b4ba62c5b',1,3,1,'2015-05-18 16:03:54',NULL),(95,'documentoPrueba','9cb505d2b8056104c41496d2cb5a85',1,3,1,'2015-05-18 16:03:57',NULL),(96,'documentoPrueba','761a5f8ca14ae52cdd0491a73df549',1,3,1,'2015-05-18 16:05:19',NULL),(97,'documentoPrueba','1c94c312d2ed1f8a2fa7f55275a362',1,3,1,'2015-05-18 16:05:19',NULL),(98,'documentoPrueba','0683ad954945c5673848b6423a5c56',1,3,1,'2015-05-18 16:05:19',NULL),(99,'documentoPrueba','3fe380bea45c52b65a6cc0d15ed3c6',1,3,1,'2015-05-18 16:06:41',NULL),(100,'documentoPrueba','9c32ed80dd297af089510c4a3bd7c4',1,3,1,'2015-05-18 16:06:57',NULL),(101,'documentoPrueba','e3862e368acbcd00d57bd3133599e1',1,3,1,'2015-05-18 16:06:58',NULL),(102,'documentoPrueba','d3e2b32eb3d9aee08d82a27b0eb8ae',1,3,1,'2015-05-18 16:07:14',NULL),(103,'documentoPrueba','41135103cf6e37080ea4e19ac5b689',1,3,1,'2015-05-18 16:08:51',NULL),(104,'documentoPrueba','23d94ef11151c9396a4ba9623e5b2d',1,3,1,'2015-05-18 16:10:31',NULL),(105,'documentoPrueba','f300d50db52a483d256d9023e59ecc',1,3,1,'2015-05-18 16:12:23',NULL),(106,'documentoPrueba','ceca9a07ae16fff3e960a5967c5639',1,3,1,'2015-05-18 16:13:29',NULL),(107,'documentoPrueba','3881813368978301c96f3d70127a77',1,3,1,'2015-05-18 16:14:27',NULL),(108,'documentoPrueba','b492ffc2c79bd1342e97deb7d32d81',1,3,1,'2015-05-18 16:15:05',NULL),(109,'documentoPrueba','cc8731b57fcb6d34e88350e21f3999',1,3,1,'2015-05-18 16:15:50',NULL),(110,'documentoPrueba','2c55b5cc347ab30a856d660e80c105',1,3,1,'2015-05-18 16:15:51',NULL),(111,'documentoPrueba','bf123fc6e34d5434a62140dc32122e',1,3,1,'2015-05-18 16:15:52',NULL),(112,'documentoPrueba','28efa86ea4c2c78f6047a835bb4732',1,3,1,'2015-05-18 16:15:53',NULL),(113,'documentoPrueba','ee391f7844a0615c3d7c2ae1388e43',1,3,1,'2015-05-18 16:15:53',NULL),(114,'documentoPrueba','2d91dc9d0a9e50cf206061261b0853',1,3,1,'2015-05-18 16:15:54',NULL),(115,'documentoPrueba','eda4281d816d6d51da2116138b575c',1,3,1,'2015-05-18 16:15:55',NULL),(116,'documentoPrueba','726b1312e7a7353e2c680a546f0283',1,3,1,'2015-05-18 16:15:56',NULL),(117,'documentoPrueba','8fe3d9ec8be1f69fe522c1c98ef39e',1,3,1,'2015-05-18 16:16:18',NULL),(118,'documentoPrueba','4a2a04b5973af24e0a44c71c54d1cc',1,3,1,'2015-05-18 16:16:19',NULL),(119,'documentoPrueba','8b01b031d573986bfd8e176f89094d',1,3,1,'2015-05-18 16:16:19',NULL),(120,'documentoPrueba','dee3098c1c9d88e565cbe1580bdf04',1,3,1,'2015-05-18 16:17:21',NULL),(121,'documentoPrueba','e8773874a5a4872fd4d0bd5f07e5db',1,3,1,'2015-05-18 16:17:26',NULL),(122,'documentoPrueba','526e660d5a7e3c5dc1faa261d08a89',1,3,1,'2015-05-18 16:18:28',NULL),(123,'documentoPrueba','4f04bb48580574b9680bd68e891ea7',1,3,1,'2015-05-18 16:18:28',NULL),(124,'documentoPrueba','213f1a84c49c518baa309c1716c494',1,3,1,'2015-05-18 16:18:29',NULL),(125,'documentoPrueba','23851b80718fa8e86789c6c764a454',1,3,1,'2015-05-18 16:18:29',NULL),(126,'documentoPrueba','b7b9b4b9bd300ee1ff925987d48414',1,3,1,'2015-05-18 16:18:30',NULL),(127,'documentoPrueba','3a4710d5675a83e33cb280ffa1e97b',1,3,1,'2015-05-18 16:18:30',NULL),(128,'documentoPrueba','d2d3fa903b03fedc49174281b5c490',1,3,1,'2015-05-18 16:18:31',NULL),(129,'documentoPrueba','862dda5383c3d6bc06ad1302c80aae',1,3,1,'2015-05-18 16:18:33',NULL),(130,'documentoPrueba','6b37398eb19c16de9b914f7bd228a9',1,3,1,'2015-05-18 16:18:50',NULL),(131,'documentoPrueba','e60eebac941938d325825397a73f0c',1,3,1,'2015-05-18 16:20:32',NULL),(132,'documentoPrueba','527eb75ae7c9e72ae4cf11e0f0936a',1,3,1,'2015-05-18 16:20:39',NULL),(133,'documentoPrueba','7b0ee8dbd2ae26cdaf6ee2fcf9328c',1,8,1,'2015-05-24 11:38:35',NULL),(134,'documentoPrueba','ec7a98f00d3d79a840890cffaf89fc',1,8,1,'2015-05-24 12:43:38',NULL),(135,'documentoPrueba','7fd438383e91bea5524618a10bb2ae',1,1,1,'2015-05-24 13:53:31',NULL),(136,'documentoPrueba','a41e483a6d97ad20ce41a75f83fbc6',1,1,1,'2015-05-24 13:53:32',NULL),(137,'documentoPrueba','6e7179fb0e8806fc9780d9be72009c',1,1,1,'2015-05-24 13:53:32',NULL),(138,'documentoPrueba','28d9be72c720afc66ecccbeffbb835',1,1,1,'2015-05-24 13:53:34',NULL),(139,'documentoPrueba','48505709914704a9ee55db4ab244f3',1,1,1,'2015-05-24 13:53:35',NULL),(140,'documentoPrueba','878cdeaa4738eb649f0ccce0413212',1,1,1,'2015-05-24 13:56:16',NULL),(141,'documentoPrueba','7a772e2c90a04523152575dc93543c',1,1,1,'2015-05-24 13:56:16',NULL),(142,'documentoPrueba','7a0361865c1ba0919408ce562cf2c5',1,1,1,'2015-05-24 13:56:17',NULL),(143,'documentoPrueba','5ef70bfb47a88725c061ea3400b374',1,1,1,'2015-05-24 13:56:18',NULL),(144,'documentoPrueba','0161f62cc930ec60b6e08c36772a3b',1,1,1,'2015-05-24 13:56:19',NULL),(145,'documentoPrueba','6d3dc86dd6c2b66687e0c024d6c896',1,1,1,'2015-05-24 13:56:19',NULL),(146,'documentoPrueba','fa411c4069544a8275ac4f0ff9ba73',1,1,1,'2015-05-24 13:56:20',NULL),(147,'documentoPrueba','426309fd669558fa537a8ef019acb2',1,1,1,'2015-05-24 13:56:21',NULL);
/*!40000 ALTER TABLE `my_documents` ENABLE KEYS */;
UNLOCK TABLES;

--
-- Table structure for table `my_documenttypes`
--

DROP TABLE IF EXISTS `my_documenttypes`;
/*!40101 SET @saved_cs_client     = @@character_set_client */;
/*!40101 SET character_set_client = utf8 */;
CREATE TABLE `my_documenttypes` (
  `id_typedoc` int(11) NOT NULL AUTO_INCREMENT,
  `documenttype` varchar(100) NOT NULL,
  `description` text,
  `id_status` int(11) DEFAULT NULL,
  `date` datetime DEFAULT NULL,
  PRIMARY KEY (`id_typedoc`)
) ENGINE=MyISAM AUTO_INCREMENT=11 DEFAULT CHARSET=latin1;
/*!40101 SET character_set_client = @saved_cs_client */;

--
-- Dumping data for table `my_documenttypes`
--

LOCK TABLES `my_documenttypes` WRITE;
/*!40000 ALTER TABLE `my_documenttypes` DISABLE KEYS */;
INSERT INTO `my_documenttypes` VALUES (1,'Formularios','Formaularios de alcaldia',1,'2014-05-20 08:49:40'),(3,'LICENCIAS','LICENCIA',1,'2014-05-27 12:09:16'),(4,'RESOLUCIONES','RESOLUCIONES',1,'2014-05-27 12:09:31'),(5,'MANUALES','MANUALES',1,'2014-05-27 12:09:47'),(7,'Facturas','Facturas',1,'2014-10-05 20:42:07'),(8,'PLANOS','PLANOS',1,'2015-03-19 10:35:43'),(9,'DECLARACIONES','DECLARACIONES',1,'2015-03-19 22:57:20'),(10,'ResolucionAmbiental','Resoluciones Ambientales',1,'2015-03-22 13:12:16');
/*!40000 ALTER TABLE `my_documenttypes` ENABLE KEYS */;
UNLOCK TABLES;

--
-- Table structure for table `my_fileindex`
--

DROP TABLE IF EXISTS `my_fileindex`;
/*!40101 SET @saved_cs_client     = @@character_set_client */;
/*!40101 SET character_set_client = utf8 */;
CREATE TABLE `my_fileindex` (
  `id_fileindex` int(11) NOT NULL AUTO_INCREMENT,
  `id_hastdocumento` varchar(50) NOT NULL,
  `id_typedoc` int(11) NOT NULL,
  `id_index` int(11) NOT NULL,
  `id_trdtvd` int(11) NOT NULL,
  `value` text,
  PRIMARY KEY (`id_fileindex`)
) ENGINE=MyISAM AUTO_INCREMENT=657 DEFAULT CHARSET=latin1;
/*!40101 SET character_set_client = @saved_cs_client */;

--
-- Dumping data for table `my_fileindex`
--

LOCK TABLES `my_fileindex` WRITE;
/*!40000 ALTER TABLE `my_fileindex` DISABLE KEYS */;
INSERT INTO `my_fileindex` VALUES (1,'412a8c988030a2bb7608ff810e1c4a',0,4,1,'1'),(2,'412a8c988030a2bb7608ff810e1c4a',0,2,1,'1094887929'),(3,'412a8c988030a2bb7608ff810e1c4a',0,7,1,'3044856253'),(4,'eba6f3360ea5433190cf899aa3855b',0,4,1,'1'),(5,'eba6f3360ea5433190cf899aa3855b',0,2,1,'1094887929'),(6,'eba6f3360ea5433190cf899aa3855b',0,7,1,'3044856253'),(7,'7e150046d600c3d7d06419afff532e',0,4,1,'1'),(8,'7e150046d600c3d7d06419afff532e',0,2,1,'1094887929'),(9,'7e150046d600c3d7d06419afff532e',0,7,1,'3044856253'),(10,'f16e762ae1926771002621b4fad98a',0,4,1,'1'),(11,'f16e762ae1926771002621b4fad98a',0,2,1,'1094887929'),(12,'f16e762ae1926771002621b4fad98a',0,7,1,'3044856253'),(13,'09713ae5618ab48926055db5a6cef2',0,11,1,'lkjasd'),(14,'09713ae5618ab48926055db5a6cef2',0,10,1,'2014-10-01'),(15,'09713ae5618ab48926055db5a6cef2',0,9,1,'klja'),(16,'09713ae5618ab48926055db5a6cef2',0,8,1,'a'),(17,'09713ae5618ab48926055db5a6cef2',0,7,1,'kja'),(18,'09713ae5618ab48926055db5a6cef2',0,6,1,'kjasdf'),(19,'09713ae5618ab48926055db5a6cef2',0,5,1,'sakjdf'),(20,'09713ae5618ab48926055db5a6cef2',0,4,1,'adsj'),(21,'09713ae5618ab48926055db5a6cef2',0,2,1,'sadfj'),(22,'09713ae5618ab48926055db5a6cef2',0,1,1,'fasdñkjf'),(23,'290d2a31b2e32ddf87dea2746c8a48',0,4,1,'kjlfaksldj'),(24,'290d2a31b2e32ddf87dea2746c8a48',0,2,1,'djasflkajs'),(25,'290d2a31b2e32ddf87dea2746c8a48',0,7,1,'ajfsdkljf'),(26,'5689839bd96008fe4414fb2657b04a',0,4,1,'ñkds'),(27,'5689839bd96008fe4414fb2657b04a',0,2,1,'ADK'),(28,'5689839bd96008fe4414fb2657b04a',0,7,1,'SDMKASD'),(29,'7bd0419276268a0df2ebb9d55f0cc6',0,4,1,'sdfkalj'),(30,'7bd0419276268a0df2ebb9d55f0cc6',0,2,1,'109488792'),(31,'7bd0419276268a0df2ebb9d55f0cc6',0,7,1,'asdkfa'),(32,'ca663da1d0f0f93269ee0b91c5ac96',0,11,1,'asd'),(33,'ca663da1d0f0f93269ee0b91c5ac96',0,10,1,'2015-03-19'),(34,'ca663da1d0f0f93269ee0b91c5ac96',0,9,1,'asd'),(35,'ca663da1d0f0f93269ee0b91c5ac96',0,8,1,'wd'),(36,'ca663da1d0f0f93269ee0b91c5ac96',0,7,1,'|123|1'),(37,'ca663da1d0f0f93269ee0b91c5ac96',0,6,1,'jfa'),(38,'ca663da1d0f0f93269ee0b91c5ac96',0,5,1,'askdf'),(39,'ca663da1d0f0f93269ee0b91c5ac96',0,4,1,'asdfk'),(40,'ca663da1d0f0f93269ee0b91c5ac96',0,2,1,'skd'),(41,'ca663da1d0f0f93269ee0b91c5ac96',0,1,1,'asd'),(42,'5f1764fd5d8743f56f4bfafb4322df',0,4,1,'4'),(43,'5f1764fd5d8743f56f4bfafb4322df',0,2,1,'12313'),(44,'5f1764fd5d8743f56f4bfafb4322df',0,7,1,'2342'),(45,'297cb3f25e893bea3e7f7fab4ba60c',0,4,1,'2'),(46,'297cb3f25e893bea3e7f7fab4ba60c',0,2,1,'1094887929'),(47,'297cb3f25e893bea3e7f7fab4ba60c',0,7,1,'3044657383'),(48,'29a61780b3d291b3d59d43d4dc3918',0,4,1,'1'),(49,'29a61780b3d291b3d59d43d4dc3918',0,2,1,'423'),(50,'29a61780b3d291b3d59d43d4dc3918',0,1,1,'yeison'),(51,'29a61780b3d291b3d59d43d4dc3918',0,10,1,'2015-03-18'),(52,'f8406af213296beb4fa49312bd5031',0,4,1,'wer'),(53,'f8406af213296beb4fa49312bd5031',0,2,1,'sda'),(54,'f8406af213296beb4fa49312bd5031',0,1,1,'as'),(55,'f8406af213296beb4fa49312bd5031',0,10,1,'2015-03-25'),(56,'d647c4f71b2b64047388d25122c8ce',0,4,1,'wer'),(57,'d647c4f71b2b64047388d25122c8ce',0,2,1,'sda'),(58,'d647c4f71b2b64047388d25122c8ce',0,1,1,'as'),(59,'d647c4f71b2b64047388d25122c8ce',0,10,1,'2015-03-25'),(60,'4fad5d960e11e8e6aabccf2e99acdc',0,4,1,'wer'),(61,'4fad5d960e11e8e6aabccf2e99acdc',0,2,1,'sda'),(62,'4fad5d960e11e8e6aabccf2e99acdc',0,1,1,'as'),(63,'4fad5d960e11e8e6aabccf2e99acdc',0,10,1,'2015-03-25'),(64,'ac4012a181b0f1886188807441b754',0,4,1,'1'),(65,'ac4012a181b0f1886188807441b754',0,2,1,'3242'),(66,'ac4012a181b0f1886188807441b754',0,1,1,'YEISON'),(67,'ac4012a181b0f1886188807441b754',0,10,1,'2015-03-24'),(68,'e689e7154f16eac3cf377a363473e0',0,4,1,'2'),(69,'e689e7154f16eac3cf377a363473e0',0,2,1,'3453'),(70,'e689e7154f16eac3cf377a363473e0',0,7,1,'234234'),(71,'1aea8bb4cdf7f26d3bd0e8d49297fe',0,4,1,'2'),(72,'1aea8bb4cdf7f26d3bd0e8d49297fe',0,2,1,'ASA'),(73,'1aea8bb4cdf7f26d3bd0e8d49297fe',0,7,1,'ZC'),(74,'af2a7aa980c7ff33a3b3c049bff806',0,4,1,'1'),(75,'af2a7aa980c7ff33a3b3c049bff806',0,2,1,'1312'),(76,'af2a7aa980c7ff33a3b3c049bff806',0,7,1,'3424'),(77,'9b9773bee096f77517e4729cfa3ce6',0,4,1,'1'),(78,'9b9773bee096f77517e4729cfa3ce6',0,2,1,'2131'),(79,'9b9773bee096f77517e4729cfa3ce6',0,7,1,'ASDA'),(80,'9787b74100f9f5a7ee8088a0c9e936',0,4,1,'1'),(81,'9787b74100f9f5a7ee8088a0c9e936',0,2,1,'2131'),(82,'9787b74100f9f5a7ee8088a0c9e936',0,7,1,'DFASD'),(83,'a4010e32a7332c7e12c36a5fcea14d',0,4,1,'2'),(84,'a4010e32a7332c7e12c36a5fcea14d',0,2,1,'123123'),(85,'a4010e32a7332c7e12c36a5fcea14d',0,7,1,'13143'),(86,'3edb0cf3269fb1f7219e38232a2d7f',0,4,1,'2'),(87,'3edb0cf3269fb1f7219e38232a2d7f',0,2,1,'123123'),(88,'3edb0cf3269fb1f7219e38232a2d7f',0,7,1,'13143'),(89,'6c1f67cd581d5ab1a5c77fca49278d',0,4,1,'2'),(90,'6c1f67cd581d5ab1a5c77fca49278d',0,2,1,'123123'),(91,'6c1f67cd581d5ab1a5c77fca49278d',0,7,1,'13143'),(92,'7d9dcb1efab09fc9bac1d92c83413e',0,4,1,'2'),(93,'7d9dcb1efab09fc9bac1d92c83413e',0,2,1,'123123'),(94,'7d9dcb1efab09fc9bac1d92c83413e',0,7,1,'13143'),(95,'92e62239819596e9ded996258d98ac',0,11,1,'1'),(96,'92e62239819596e9ded996258d98ac',0,10,1,'2015-03-12'),(97,'92e62239819596e9ded996258d98ac',0,9,1,'345'),(98,'92e62239819596e9ded996258d98ac',0,8,1,'345'),(99,'92e62239819596e9ded996258d98ac',0,7,1,'423'),(100,'92e62239819596e9ded996258d98ac',0,6,1,'yeison@tales'),(101,'92e62239819596e9ded996258d98ac',0,5,1,'fjakldsjf'),(102,'92e62239819596e9ded996258d98ac',0,4,1,'1'),(103,'92e62239819596e9ded996258d98ac',0,2,1,'1231'),(104,'92e62239819596e9ded996258d98ac',0,1,1,'yeison'),(105,'370ff748d3f2f837f0171b4e2642ea',0,11,1,'1'),(106,'370ff748d3f2f837f0171b4e2642ea',0,10,1,'2015-03-12'),(107,'370ff748d3f2f837f0171b4e2642ea',0,9,1,'345'),(108,'370ff748d3f2f837f0171b4e2642ea',0,8,1,'345'),(109,'370ff748d3f2f837f0171b4e2642ea',0,7,1,'423'),(110,'370ff748d3f2f837f0171b4e2642ea',0,6,1,'yeison@tales'),(111,'370ff748d3f2f837f0171b4e2642ea',0,5,1,'fjakldsjf'),(112,'370ff748d3f2f837f0171b4e2642ea',0,4,1,'1'),(113,'370ff748d3f2f837f0171b4e2642ea',0,2,1,'1231'),(114,'370ff748d3f2f837f0171b4e2642ea',0,1,1,'yeison'),(115,'0b2e916e7a8aaf945b45d8a0952fcb',0,4,1,'1'),(116,'0b2e916e7a8aaf945b45d8a0952fcb',0,2,1,'1094887929'),(117,'0b2e916e7a8aaf945b45d8a0952fcb',0,7,1,'3044657386'),(118,'a08c87c0dd851a81a3be804ff576bd',0,4,1,'2'),(119,'a08c87c0dd851a81a3be804ff576bd',0,2,1,'1094'),(120,'a08c87c0dd851a81a3be804ff576bd',0,1,1,'yeihernandez'),(121,'a08c87c0dd851a81a3be804ff576bd',0,10,1,'2015-03-10'),(122,'02a10cad9a1f15e2c0de06aef21383',0,11,1,'500'),(123,'02a10cad9a1f15e2c0de06aef21383',0,10,1,'2015-03-04'),(124,'02a10cad9a1f15e2c0de06aef21383',0,9,1,'3'),(125,'02a10cad9a1f15e2c0de06aef21383',0,8,1,'8045434'),(126,'02a10cad9a1f15e2c0de06aef21383',0,7,1,'301234554'),(127,'02a10cad9a1f15e2c0de06aef21383',0,6,1,'admin@obelisksoft.com'),(128,'02a10cad9a1f15e2c0de06aef21383',0,5,1,'carrera 13'),(129,'02a10cad9a1f15e2c0de06aef21383',0,4,1,'1'),(130,'02a10cad9a1f15e2c0de06aef21383',0,2,1,'121313'),(131,'02a10cad9a1f15e2c0de06aef21383',0,1,1,'adminitrador'),(132,'7a5604d5bc492edb50f0518314e5ca',0,4,1,'3'),(133,'7a5604d5bc492edb50f0518314e5ca',0,2,1,'4'),(134,'7a5604d5bc492edb50f0518314e5ca',0,1,1,'y'),(135,'7a5604d5bc492edb50f0518314e5ca',0,10,1,'2015-03-16'),(136,'31d85f40deee84a0c84a881c348892',0,1,1,'YEISON ANDRES HERNANDEZ'),(137,'31d85f40deee84a0c84a881c348892',0,2,1,'1094887924'),(138,'31d85f40deee84a0c84a881c348892',0,6,1,'yeihernandez@gmail.com'),(139,'31d85f40deee84a0c84a881c348892',0,10,1,'2015-03-11'),(140,'31d85f40deee84a0c84a881c348892',0,11,1,'3000000'),(141,'5d2606370558992848b67d50d55aa0',0,1,1,'CORNELIO JACINTO'),(142,'5d2606370558992848b67d50d55aa0',0,2,1,'1094887929'),(143,'5d2606370558992848b67d50d55aa0',0,6,1,'admin@yahoo.com'),(144,'5d2606370558992848b67d50d55aa0',0,10,1,'2015-03-31'),(145,'5d2606370558992848b67d50d55aa0',0,11,1,'500.000'),(146,'383e29a7159ae22d301eebb64d6128',0,1,1,'MARIANA JARAMILLO TABORDA'),(147,'383e29a7159ae22d301eebb64d6128',0,2,1,'1152.012.364'),(148,'383e29a7159ae22d301eebb64d6128',0,6,1,'maria@gmail.com'),(149,'383e29a7159ae22d301eebb64d6128',0,10,1,'2014-05-13'),(150,'383e29a7159ae22d301eebb64d6128',0,11,1,'4500923'),(151,'e092c91a5d93540a4db71a81e8b398',0,1,1,'OSCAR GOMEZ'),(152,'e092c91a5d93540a4db71a81e8b398',0,2,1,'98.989.898'),(153,'e092c91a5d93540a4db71a81e8b398',0,6,1,'oxkr@hotmail.com'),(154,'e092c91a5d93540a4db71a81e8b398',0,10,1,'2014-12-10'),(155,'e092c91a5d93540a4db71a81e8b398',0,11,1,'560000'),(156,'f5fb7ba6da2273b7e22a29585c927f',0,1,1,'GLORIA NANCY MONTOYA GIRALDO'),(157,'f5fb7ba6da2273b7e22a29585c927f',0,2,1,'2524536'),(158,'f5fb7ba6da2273b7e22a29585c927f',0,4,1,'2'),(159,'f5fb7ba6da2273b7e22a29585c927f',0,6,1,'nanci@gmail'),(160,'f5fb7ba6da2273b7e22a29585c927f',0,7,1,'314896325'),(161,'f5fb7ba6da2273b7e22a29585c927f',0,8,1,'6050707'),(162,'f5fb7ba6da2273b7e22a29585c927f',0,9,1,'3'),(163,'f5fb7ba6da2273b7e22a29585c927f',0,10,1,'2015-03-03'),(164,'f5fb7ba6da2273b7e22a29585c927f',0,11,1,'2562310'),(165,'f5fb7ba6da2273b7e22a29585c927f',0,14,1,'2'),(166,'f5fb7ba6da2273b7e22a29585c927f',0,15,1,'ICBF'),(167,'f433c4f34639f19e6e812f5a8433be',0,11,1,'9000'),(168,'f433c4f34639f19e6e812f5a8433be',0,10,1,'2015-03-05'),(169,'f433c4f34639f19e6e812f5a8433be',0,9,1,'1'),(170,'f433c4f34639f19e6e812f5a8433be',0,8,1,'3105804422'),(171,'f433c4f34639f19e6e812f5a8433be',0,7,1,'3105804422'),(172,'f433c4f34639f19e6e812f5a8433be',0,6,1,'obelisk@obelisk.com'),(173,'f433c4f34639f19e6e812f5a8433be',0,5,1,'carrera 80 # 15-2'),(174,'f433c4f34639f19e6e812f5a8433be',0,4,1,'2'),(175,'f433c4f34639f19e6e812f5a8433be',0,2,1,'80090916'),(176,'f433c4f34639f19e6e812f5a8433be',0,1,1,'PAPAS'),(177,'5b9ccd96e85920ceb632964671f7f7',0,16,1,'5652'),(178,'5b9ccd96e85920ceb632964671f7f7',0,17,1,'2015-03-05'),(179,'5b9ccd96e85920ceb632964671f7f7',0,18,1,'PERMISO TALA DE ARBOLES'),(180,'29576981bbebe47697ab1a0c7e3aeb',0,11,1,'saj'),(181,'29576981bbebe47697ab1a0c7e3aeb',0,10,1,'2015-04-15'),(182,'29576981bbebe47697ab1a0c7e3aeb',0,9,1,'sdf'),(183,'29576981bbebe47697ab1a0c7e3aeb',0,8,1,'fdka'),(184,'29576981bbebe47697ab1a0c7e3aeb',0,7,1,'342'),(185,'29576981bbebe47697ab1a0c7e3aeb',0,6,1,'ja'),(186,'29576981bbebe47697ab1a0c7e3aeb',0,5,1,'sdkf'),(187,'29576981bbebe47697ab1a0c7e3aeb',0,4,1,'sdkf'),(188,'29576981bbebe47697ab1a0c7e3aeb',0,2,1,'sfks'),(189,'29576981bbebe47697ab1a0c7e3aeb',0,1,1,'sdfk'),(190,'3121fd666fab597557e7b77178f528',0,4,1,'12'),(191,'3121fd666fab597557e7b77178f528',0,2,1,'asd'),(192,'3121fd666fab597557e7b77178f528',0,1,1,'asfa'),(193,'3121fd666fab597557e7b77178f528',0,10,1,'2015-04-28'),(194,'aea9da48b71231ef904fb7b9b078b0',0,4,1,'ASD'),(195,'aea9da48b71231ef904fb7b9b078b0',0,2,1,'FSDF'),(196,'aea9da48b71231ef904fb7b9b078b0',0,1,1,'SCAS'),(197,'aea9da48b71231ef904fb7b9b078b0',0,10,1,'2015-04-23'),(198,'47d5e27c2a6dd48b45a67eebe4c226',1,1,5,'tales'),(199,'47d5e27c2a6dd48b45a67eebe4c226',2,1,5,'645641'),(200,'47d5e27c2a6dd48b45a67eebe4c226',4,1,5,'2'),(201,'47d5e27c2a6dd48b45a67eebe4c226',5,1,5,'12'),(202,'47d5e27c2a6dd48b45a67eebe4c226',6,1,5,'2'),(203,'47d5e27c2a6dd48b45a67eebe4c226',7,1,5,''),(204,'47d5e27c2a6dd48b45a67eebe4c226',8,1,5,''),(205,'47d5e27c2a6dd48b45a67eebe4c226',9,1,5,''),(206,'47d5e27c2a6dd48b45a67eebe4c226',10,1,5,''),(207,'47d5e27c2a6dd48b45a67eebe4c226',11,1,5,''),(208,'47d5e27c2a6dd48b45a67eebe4c226',16,1,5,''),(209,'d7304b6535e4366ae9bab60eb0ab95',1,1,5,'adsn'),(210,'d7304b6535e4366ae9bab60eb0ab95',2,1,5,'ad545'),(211,'d7304b6535e4366ae9bab60eb0ab95',4,1,5,''),(212,'d7304b6535e4366ae9bab60eb0ab95',5,1,5,''),(213,'d7304b6535e4366ae9bab60eb0ab95',6,1,5,'ye@tales'),(214,'d7304b6535e4366ae9bab60eb0ab95',7,1,5,''),(215,'d7304b6535e4366ae9bab60eb0ab95',8,1,5,''),(216,'d7304b6535e4366ae9bab60eb0ab95',9,1,5,''),(217,'d7304b6535e4366ae9bab60eb0ab95',10,1,5,''),(218,'d7304b6535e4366ae9bab60eb0ab95',11,1,5,''),(219,'d7304b6535e4366ae9bab60eb0ab95',16,1,5,''),(220,'6e2b0373cba10724c8fe1ba527f12e',3,4,1,'2'),(221,'6e2b0373cba10724c8fe1ba527f12e',3,2,1,'987456321'),(222,'6e2b0373cba10724c8fe1ba527f12e',3,1,1,'cristobal'),(223,'6e2b0373cba10724c8fe1ba527f12e',3,10,1,'2015-05-16'),(224,'7ad8061cf215053a8a556b7989a0cc',3,4,1,'3'),(225,'7ad8061cf215053a8a556b7989a0cc',3,2,1,'421545'),(226,'7ad8061cf215053a8a556b7989a0cc',3,1,1,'CARMEN'),(227,'7ad8061cf215053a8a556b7989a0cc',3,10,1,'2015-05-28'),(228,'a5c2f7f035771bbe45f15bf95638db',3,4,1,'ATR123'),(229,'a5c2f7f035771bbe45f15bf95638db',3,2,1,'78954632'),(230,'a5c2f7f035771bbe45f15bf95638db',3,1,1,'ALEJANDRO'),(231,'a5c2f7f035771bbe45f15bf95638db',3,10,1,'2015-05-27'),(232,'244201f04b957e1e056f724e97863d',3,4,1,'ATX123456'),(233,'244201f04b957e1e056f724e97863d',3,2,1,'154151'),(234,'244201f04b957e1e056f724e97863d',3,1,1,'OSAMA'),(235,'244201f04b957e1e056f724e97863d',3,10,1,'2015-05-09'),(236,'9d7340b7bc5bc02ed1b38ddfae6b32',3,4,1,'1'),(237,'9d7340b7bc5bc02ed1b38ddfae6b32',3,2,1,'3'),(238,'9d7340b7bc5bc02ed1b38ddfae6b32',3,1,1,'e'),(239,'9d7340b7bc5bc02ed1b38ddfae6b32',3,10,1,''),(240,'5fab5f5b11eaf740fe69110ebe78ad',3,4,1,'1'),(241,'5fab5f5b11eaf740fe69110ebe78ad',3,2,1,'2'),(242,'5fab5f5b11eaf740fe69110ebe78ad',3,1,1,'33'),(243,'5fab5f5b11eaf740fe69110ebe78ad',3,10,1,'2015-05-28'),(244,'28b080a65449a47a7d4eea86cdbcf4',3,4,1,'1'),(245,'28b080a65449a47a7d4eea86cdbcf4',3,2,1,'2'),(246,'28b080a65449a47a7d4eea86cdbcf4',3,1,1,'33'),(247,'28b080a65449a47a7d4eea86cdbcf4',3,10,1,'2015-05-28'),(248,'d1c10daec2f8a843f32436265f41e0',3,4,1,'1'),(249,'d1c10daec2f8a843f32436265f41e0',3,2,1,'1'),(250,'d1c10daec2f8a843f32436265f41e0',3,1,1,'1'),(251,'d1c10daec2f8a843f32436265f41e0',3,10,1,'2015-05-12'),(252,'118a72e012ca958e1c18ec9c5d4219',3,4,1,'1'),(253,'118a72e012ca958e1c18ec9c5d4219',3,2,1,'e'),(254,'118a72e012ca958e1c18ec9c5d4219',3,1,1,'e'),(255,'118a72e012ca958e1c18ec9c5d4219',3,10,1,'2015-05-26'),(256,'14cd4ee3e8b3f02d3a5adf23160861',3,4,1,'1'),(257,'14cd4ee3e8b3f02d3a5adf23160861',3,2,1,'1'),(258,'14cd4ee3e8b3f02d3a5adf23160861',3,1,1,'1'),(259,'14cd4ee3e8b3f02d3a5adf23160861',3,10,1,'2015-05-26'),(260,'6280fbb83a98f3bfbafaadd3773ace',3,4,1,'da'),(261,'6280fbb83a98f3bfbafaadd3773ace',3,2,1,'das'),(262,'6280fbb83a98f3bfbafaadd3773ace',3,1,1,'sd'),(263,'6280fbb83a98f3bfbafaadd3773ace',3,10,1,'2015-05-19'),(264,'02d8fa644b381c64c558eea511ec64',3,4,1,'da'),(265,'02d8fa644b381c64c558eea511ec64',3,2,1,'das'),(266,'02d8fa644b381c64c558eea511ec64',3,1,1,'sd'),(267,'02d8fa644b381c64c558eea511ec64',3,10,1,'2015-05-19'),(268,'707d4283c612908e6c7c9a28e3a608',3,4,1,'1'),(269,'707d4283c612908e6c7c9a28e3a608',3,2,1,'2'),(270,'707d4283c612908e6c7c9a28e3a608',3,1,1,'3'),(271,'707d4283c612908e6c7c9a28e3a608',3,10,1,'2015-05-21'),(272,'99929794f6f23f20718472ecdc8b84',3,4,1,'4'),(273,'99929794f6f23f20718472ecdc8b84',3,2,1,'4'),(274,'99929794f6f23f20718472ecdc8b84',3,1,1,'gs'),(275,'99929794f6f23f20718472ecdc8b84',3,10,1,'2015-05-21'),(276,'0b5343daca514fa4a70ff5b7ea5fe5',3,4,1,'4'),(277,'0b5343daca514fa4a70ff5b7ea5fe5',3,2,1,'4'),(278,'0b5343daca514fa4a70ff5b7ea5fe5',3,1,1,'gs'),(279,'0b5343daca514fa4a70ff5b7ea5fe5',3,10,1,'2015-05-21'),(280,'81881954cf33013bf8a6ef10c1046e',3,4,1,'4'),(281,'81881954cf33013bf8a6ef10c1046e',3,2,1,'4'),(282,'81881954cf33013bf8a6ef10c1046e',3,1,1,'gs'),(283,'81881954cf33013bf8a6ef10c1046e',3,10,1,'2015-05-21'),(284,'50e98dae1a7c6ece0a1ae8396943d5',3,4,1,'4'),(285,'50e98dae1a7c6ece0a1ae8396943d5',3,2,1,'4'),(286,'50e98dae1a7c6ece0a1ae8396943d5',3,1,1,'gs'),(287,'50e98dae1a7c6ece0a1ae8396943d5',3,10,1,'2015-05-21'),(288,'0f01ead43da34004296b61b678b486',3,4,1,'4'),(289,'0f01ead43da34004296b61b678b486',3,2,1,'4'),(290,'0f01ead43da34004296b61b678b486',3,1,1,'gs'),(291,'0f01ead43da34004296b61b678b486',3,10,1,'2015-05-21'),(292,'e71beddfd62072b4b766b11c0ce668',3,4,1,'4'),(293,'e71beddfd62072b4b766b11c0ce668',3,2,1,'4'),(294,'e71beddfd62072b4b766b11c0ce668',3,1,1,'gs'),(295,'e71beddfd62072b4b766b11c0ce668',3,10,1,'2015-05-21'),(296,'e99966a4b5da5f2da28d46382e3ece',3,4,1,'4'),(297,'e99966a4b5da5f2da28d46382e3ece',3,2,1,'4'),(298,'e99966a4b5da5f2da28d46382e3ece',3,1,1,'gs'),(299,'e99966a4b5da5f2da28d46382e3ece',3,10,1,'2015-05-21'),(300,'f24f07334e42cca3cdf60886637c23',3,4,1,'4'),(301,'f24f07334e42cca3cdf60886637c23',3,2,1,'4'),(302,'f24f07334e42cca3cdf60886637c23',3,1,1,'gs'),(303,'f24f07334e42cca3cdf60886637c23',3,10,1,'2015-05-21'),(304,'8de279f60c25a7a1422a743ad05562',3,4,1,'4'),(305,'8de279f60c25a7a1422a743ad05562',3,2,1,'4'),(306,'8de279f60c25a7a1422a743ad05562',3,1,1,'gs'),(307,'8de279f60c25a7a1422a743ad05562',3,10,1,'2015-05-21'),(308,'16483484618d13a3393c4955fd0991',1,4,1,'1'),(309,'16483484618d13a3393c4955fd0991',1,2,1,'2'),(310,'16483484618d13a3393c4955fd0991',1,7,1,'3'),(311,'a7d59bcbdbb352f737b70a83ef4b51',1,4,1,'1'),(312,'a7d59bcbdbb352f737b70a83ef4b51',1,2,1,'2'),(313,'a7d59bcbdbb352f737b70a83ef4b51',1,7,1,'3'),(314,'f563b4569ce0fd74c5ac638ccf1a63',1,4,1,'1'),(315,'f563b4569ce0fd74c5ac638ccf1a63',1,2,1,'2'),(316,'f563b4569ce0fd74c5ac638ccf1a63',1,7,1,'3'),(317,'bab164cc96e25587201c9295ffb3fc',1,4,1,'1'),(318,'bab164cc96e25587201c9295ffb3fc',1,2,1,'2'),(319,'bab164cc96e25587201c9295ffb3fc',1,7,1,'3'),(320,'c29f066d82f8495b1f5081b0640536',1,4,1,'1'),(321,'c29f066d82f8495b1f5081b0640536',1,2,1,'2'),(322,'c29f066d82f8495b1f5081b0640536',1,7,1,'3'),(323,'66ffb3337a7fa47247eee43db56ce0',1,4,1,'1'),(324,'66ffb3337a7fa47247eee43db56ce0',1,2,1,'2'),(325,'66ffb3337a7fa47247eee43db56ce0',1,7,1,'3'),(326,'9059408d538f8f1409ede21638a9cc',1,4,1,'1'),(327,'9059408d538f8f1409ede21638a9cc',1,2,1,'2'),(328,'9059408d538f8f1409ede21638a9cc',1,7,1,'3'),(329,'74bc14b44e4cb1714ee48eeaf4ebf2',1,4,1,'1'),(330,'74bc14b44e4cb1714ee48eeaf4ebf2',1,2,1,'2'),(331,'74bc14b44e4cb1714ee48eeaf4ebf2',1,7,1,'3'),(332,'c28ce476f02ee1c8b8c1612e6d8492',1,4,1,'1'),(333,'c28ce476f02ee1c8b8c1612e6d8492',1,2,1,'2'),(334,'c28ce476f02ee1c8b8c1612e6d8492',1,7,1,'3'),(335,'de9047e8c91fd024b34b091b0d5ea9',1,4,1,'1'),(336,'de9047e8c91fd024b34b091b0d5ea9',1,2,1,'2'),(337,'de9047e8c91fd024b34b091b0d5ea9',1,7,1,'3'),(338,'3bb8aab85787722da7586db5f3079f',1,4,1,'1'),(339,'3bb8aab85787722da7586db5f3079f',1,2,1,'2'),(340,'3bb8aab85787722da7586db5f3079f',1,7,1,'3'),(341,'26eb0f640d0b172c8780035332f5e8',1,4,1,'1'),(342,'26eb0f640d0b172c8780035332f5e8',1,2,1,'2'),(343,'26eb0f640d0b172c8780035332f5e8',1,7,1,'3'),(344,'a490a4fea109607aa39b6220693ad7',1,4,1,'1'),(345,'a490a4fea109607aa39b6220693ad7',1,2,1,'2'),(346,'a490a4fea109607aa39b6220693ad7',1,7,1,'3'),(347,'4c96eaafc120bf3cf1a6fdda783c81',1,4,1,'1'),(348,'4c96eaafc120bf3cf1a6fdda783c81',1,2,1,'2'),(349,'4c96eaafc120bf3cf1a6fdda783c81',1,7,1,'3'),(350,'216e168c8b0e7dc3bacdbf84c575d3',1,4,1,'1'),(351,'216e168c8b0e7dc3bacdbf84c575d3',1,2,1,'2'),(352,'216e168c8b0e7dc3bacdbf84c575d3',1,7,1,'3'),(353,'503850d2db761ac8fc4c5dac01c031',1,4,1,'1'),(354,'503850d2db761ac8fc4c5dac01c031',1,2,1,'2'),(355,'503850d2db761ac8fc4c5dac01c031',1,7,1,'3'),(356,'62937047fda43dd54a33609aaa83c2',1,4,1,'1'),(357,'62937047fda43dd54a33609aaa83c2',1,2,1,'2'),(358,'62937047fda43dd54a33609aaa83c2',1,7,1,'3'),(359,'79a9d6073a228cb8d76a39cc48b98f',1,4,1,'1'),(360,'79a9d6073a228cb8d76a39cc48b98f',1,2,1,'2'),(361,'79a9d6073a228cb8d76a39cc48b98f',1,7,1,'3'),(362,'936f07d7cb1f85ee8579c0f3c33a06',1,4,1,'1'),(363,'936f07d7cb1f85ee8579c0f3c33a06',1,2,1,'2'),(364,'936f07d7cb1f85ee8579c0f3c33a06',1,7,1,'3'),(365,'58de29e7191c58dae21097ead0763a',1,4,1,'1'),(366,'58de29e7191c58dae21097ead0763a',1,2,1,'2'),(367,'58de29e7191c58dae21097ead0763a',1,7,1,'3'),(368,'3734a4dcfa0727931f26923b1a034f',3,4,1,'1'),(369,'3734a4dcfa0727931f26923b1a034f',3,2,1,'2'),(370,'3734a4dcfa0727931f26923b1a034f',3,1,1,'3'),(371,'3734a4dcfa0727931f26923b1a034f',3,10,1,'2015-05-27'),(372,'af4fd4d90bc37775570baf1cd7dfcd',3,4,1,'1'),(373,'af4fd4d90bc37775570baf1cd7dfcd',3,2,1,'2'),(374,'af4fd4d90bc37775570baf1cd7dfcd',3,1,1,'3'),(375,'af4fd4d90bc37775570baf1cd7dfcd',3,10,1,'2015-05-27'),(376,'3433c68498d3391a4a55f7cdf43b13',3,4,1,'1'),(377,'3433c68498d3391a4a55f7cdf43b13',3,2,1,'2'),(378,'3433c68498d3391a4a55f7cdf43b13',3,1,1,'3'),(379,'3433c68498d3391a4a55f7cdf43b13',3,10,1,'2015-05-27'),(380,'0f830bdc13245db53c6094b5adfdf4',3,4,1,'1'),(381,'0f830bdc13245db53c6094b5adfdf4',3,2,1,'2'),(382,'0f830bdc13245db53c6094b5adfdf4',3,1,1,'3'),(383,'0f830bdc13245db53c6094b5adfdf4',3,10,1,'2015-05-27'),(384,'81ad5b9b81316915b0cea6815e6979',3,4,1,'1'),(385,'81ad5b9b81316915b0cea6815e6979',3,2,1,'2'),(386,'81ad5b9b81316915b0cea6815e6979',3,1,1,'3'),(387,'81ad5b9b81316915b0cea6815e6979',3,10,1,'2015-05-27'),(388,'3cd1757136e19ed0254113de78ad33',3,4,1,'1'),(389,'3cd1757136e19ed0254113de78ad33',3,2,1,'2'),(390,'3cd1757136e19ed0254113de78ad33',3,1,1,'3'),(391,'3cd1757136e19ed0254113de78ad33',3,10,1,'2015-05-27'),(392,'4ff1d1db63f345eebfd31ea54fca8e',3,4,1,'1'),(393,'4ff1d1db63f345eebfd31ea54fca8e',3,2,1,'2'),(394,'4ff1d1db63f345eebfd31ea54fca8e',3,1,1,'3'),(395,'4ff1d1db63f345eebfd31ea54fca8e',3,10,1,'2015-05-27'),(396,'bfa24bad856d42abc38b5f09dc223c',3,4,1,'1'),(397,'bfa24bad856d42abc38b5f09dc223c',3,2,1,'2'),(398,'bfa24bad856d42abc38b5f09dc223c',3,1,1,'3'),(399,'bfa24bad856d42abc38b5f09dc223c',3,10,1,'2015-05-27'),(400,'7c1e2a964468057bdfdad60f3069af',3,4,1,'1'),(401,'7c1e2a964468057bdfdad60f3069af',3,2,1,'2'),(402,'7c1e2a964468057bdfdad60f3069af',3,1,1,'3'),(403,'7c1e2a964468057bdfdad60f3069af',3,10,1,'2015-05-27'),(404,'8d66df5a85f0f24f5e89798a0dc1e5',3,4,1,'1'),(405,'8d66df5a85f0f24f5e89798a0dc1e5',3,2,1,'2'),(406,'8d66df5a85f0f24f5e89798a0dc1e5',3,1,1,'3'),(407,'8d66df5a85f0f24f5e89798a0dc1e5',3,10,1,'2015-05-27'),(408,'4b6e94fb3f2ed03f3e5813556486d4',3,4,1,'1'),(409,'4b6e94fb3f2ed03f3e5813556486d4',3,2,1,'2'),(410,'4b6e94fb3f2ed03f3e5813556486d4',3,1,1,'3'),(411,'4b6e94fb3f2ed03f3e5813556486d4',3,10,1,'2015-05-27'),(412,'2477ff54f554e3291a31cd1aa49aaa',3,4,1,'1'),(413,'2477ff54f554e3291a31cd1aa49aaa',3,2,1,'2'),(414,'2477ff54f554e3291a31cd1aa49aaa',3,1,1,'3'),(415,'2477ff54f554e3291a31cd1aa49aaa',3,10,1,'2015-05-27'),(416,'1aab42ded410776d899803588c692e',3,4,1,'1'),(417,'1aab42ded410776d899803588c692e',3,2,1,'2'),(418,'1aab42ded410776d899803588c692e',3,1,1,'3'),(419,'1aab42ded410776d899803588c692e',3,10,1,'2015-05-27'),(420,'94c71d322025d3c7765bcd10e00b01',3,4,1,'1'),(421,'94c71d322025d3c7765bcd10e00b01',3,2,1,'2'),(422,'94c71d322025d3c7765bcd10e00b01',3,1,1,'3'),(423,'94c71d322025d3c7765bcd10e00b01',3,10,1,'2015-05-27'),(424,'5f5eb6c2de96bf4f48216a9c353eea',3,4,1,'1'),(425,'5f5eb6c2de96bf4f48216a9c353eea',3,2,1,'2'),(426,'5f5eb6c2de96bf4f48216a9c353eea',3,1,1,'3'),(427,'5f5eb6c2de96bf4f48216a9c353eea',3,10,1,'2015-05-27'),(428,'c3161c184118aa12f03e9738a63546',3,4,1,'1'),(429,'c3161c184118aa12f03e9738a63546',3,2,1,'2'),(430,'c3161c184118aa12f03e9738a63546',3,1,1,'3'),(431,'c3161c184118aa12f03e9738a63546',3,10,1,'2015-05-27'),(432,'8267f09c00721a60037be604f0a99e',3,4,1,'1'),(433,'8267f09c00721a60037be604f0a99e',3,2,1,'2'),(434,'8267f09c00721a60037be604f0a99e',3,1,1,'3'),(435,'8267f09c00721a60037be604f0a99e',3,10,1,'2015-05-27'),(436,'331526cac4a28d507e6e2345d44ab9',3,4,1,'1'),(437,'331526cac4a28d507e6e2345d44ab9',3,2,1,'2'),(438,'331526cac4a28d507e6e2345d44ab9',3,1,1,'3'),(439,'331526cac4a28d507e6e2345d44ab9',3,10,1,'2015-05-27'),(440,'50d28ae2c1136ee7c62f0ee7e7f7c3',3,4,1,'1'),(441,'50d28ae2c1136ee7c62f0ee7e7f7c3',3,2,1,'2'),(442,'50d28ae2c1136ee7c62f0ee7e7f7c3',3,1,1,'3'),(443,'50d28ae2c1136ee7c62f0ee7e7f7c3',3,10,1,'2015-05-27'),(444,'3b24cd140676edeac95ecba815502b',3,4,1,'1'),(445,'3b24cd140676edeac95ecba815502b',3,2,1,'2'),(446,'3b24cd140676edeac95ecba815502b',3,1,1,'3'),(447,'3b24cd140676edeac95ecba815502b',3,10,1,'2015-05-27'),(448,'339a3992820563eeea5bec6659febd',3,4,1,'1'),(449,'339a3992820563eeea5bec6659febd',3,2,1,'2'),(450,'339a3992820563eeea5bec6659febd',3,1,1,'3'),(451,'339a3992820563eeea5bec6659febd',3,10,1,'2015-05-27'),(452,'b155444938a442db62d92b4ba62c5b',3,4,1,'1'),(453,'b155444938a442db62d92b4ba62c5b',3,2,1,'2'),(454,'b155444938a442db62d92b4ba62c5b',3,1,1,'3'),(455,'b155444938a442db62d92b4ba62c5b',3,10,1,'2015-05-27'),(456,'9cb505d2b8056104c41496d2cb5a85',3,4,1,'1'),(457,'9cb505d2b8056104c41496d2cb5a85',3,2,1,'2'),(458,'9cb505d2b8056104c41496d2cb5a85',3,1,1,'3'),(459,'9cb505d2b8056104c41496d2cb5a85',3,10,1,'2015-05-27'),(460,'761a5f8ca14ae52cdd0491a73df549',3,4,1,'1'),(461,'761a5f8ca14ae52cdd0491a73df549',3,2,1,'2'),(462,'761a5f8ca14ae52cdd0491a73df549',3,1,1,'3'),(463,'761a5f8ca14ae52cdd0491a73df549',3,10,1,'2015-05-27'),(464,'1c94c312d2ed1f8a2fa7f55275a362',3,4,1,'1'),(465,'1c94c312d2ed1f8a2fa7f55275a362',3,2,1,'2'),(466,'1c94c312d2ed1f8a2fa7f55275a362',3,1,1,'3'),(467,'1c94c312d2ed1f8a2fa7f55275a362',3,10,1,'2015-05-27'),(468,'0683ad954945c5673848b6423a5c56',3,4,1,'1'),(469,'0683ad954945c5673848b6423a5c56',3,2,1,'2'),(470,'0683ad954945c5673848b6423a5c56',3,1,1,'3'),(471,'0683ad954945c5673848b6423a5c56',3,10,1,'2015-05-27'),(472,'3fe380bea45c52b65a6cc0d15ed3c6',3,4,1,'1'),(473,'3fe380bea45c52b65a6cc0d15ed3c6',3,2,1,'2'),(474,'3fe380bea45c52b65a6cc0d15ed3c6',3,1,1,'3'),(475,'3fe380bea45c52b65a6cc0d15ed3c6',3,10,1,'2015-05-27'),(476,'9c32ed80dd297af089510c4a3bd7c4',3,4,1,'1'),(477,'9c32ed80dd297af089510c4a3bd7c4',3,2,1,'2'),(478,'9c32ed80dd297af089510c4a3bd7c4',3,1,1,'3'),(479,'9c32ed80dd297af089510c4a3bd7c4',3,10,1,'2015-05-27'),(480,'e3862e368acbcd00d57bd3133599e1',3,4,1,'1'),(481,'e3862e368acbcd00d57bd3133599e1',3,2,1,'2'),(482,'e3862e368acbcd00d57bd3133599e1',3,1,1,'3'),(483,'e3862e368acbcd00d57bd3133599e1',3,10,1,'2015-05-27'),(484,'d3e2b32eb3d9aee08d82a27b0eb8ae',3,4,1,'1'),(485,'d3e2b32eb3d9aee08d82a27b0eb8ae',3,2,1,'2'),(486,'d3e2b32eb3d9aee08d82a27b0eb8ae',3,1,1,'3'),(487,'d3e2b32eb3d9aee08d82a27b0eb8ae',3,10,1,'2015-05-27'),(488,'41135103cf6e37080ea4e19ac5b689',3,4,1,'1'),(489,'41135103cf6e37080ea4e19ac5b689',3,2,1,'2'),(490,'41135103cf6e37080ea4e19ac5b689',3,1,1,'3'),(491,'41135103cf6e37080ea4e19ac5b689',3,10,1,'2015-05-27'),(492,'23d94ef11151c9396a4ba9623e5b2d',3,4,1,'1'),(493,'23d94ef11151c9396a4ba9623e5b2d',3,2,1,'2'),(494,'23d94ef11151c9396a4ba9623e5b2d',3,1,1,'3'),(495,'23d94ef11151c9396a4ba9623e5b2d',3,10,1,'2015-05-27'),(496,'f300d50db52a483d256d9023e59ecc',3,4,1,'1'),(497,'f300d50db52a483d256d9023e59ecc',3,2,1,'2'),(498,'f300d50db52a483d256d9023e59ecc',3,1,1,'3'),(499,'f300d50db52a483d256d9023e59ecc',3,10,1,'2015-05-27'),(500,'ceca9a07ae16fff3e960a5967c5639',3,4,1,'1'),(501,'ceca9a07ae16fff3e960a5967c5639',3,2,1,'2'),(502,'ceca9a07ae16fff3e960a5967c5639',3,1,1,'3'),(503,'ceca9a07ae16fff3e960a5967c5639',3,10,1,'2015-05-27'),(504,'3881813368978301c96f3d70127a77',3,4,1,'1'),(505,'3881813368978301c96f3d70127a77',3,2,1,'2'),(506,'3881813368978301c96f3d70127a77',3,1,1,'3'),(507,'3881813368978301c96f3d70127a77',3,10,1,'2015-05-27'),(508,'b492ffc2c79bd1342e97deb7d32d81',3,4,1,'1'),(509,'b492ffc2c79bd1342e97deb7d32d81',3,2,1,'2'),(510,'b492ffc2c79bd1342e97deb7d32d81',3,1,1,'3'),(511,'b492ffc2c79bd1342e97deb7d32d81',3,10,1,'2015-05-27'),(512,'cc8731b57fcb6d34e88350e21f3999',3,4,1,'1'),(513,'cc8731b57fcb6d34e88350e21f3999',3,2,1,'2'),(514,'cc8731b57fcb6d34e88350e21f3999',3,1,1,'3'),(515,'cc8731b57fcb6d34e88350e21f3999',3,10,1,'2015-05-27'),(516,'2c55b5cc347ab30a856d660e80c105',3,4,1,'1'),(517,'2c55b5cc347ab30a856d660e80c105',3,2,1,'2'),(518,'2c55b5cc347ab30a856d660e80c105',3,1,1,'3'),(519,'2c55b5cc347ab30a856d660e80c105',3,10,1,'2015-05-27'),(520,'bf123fc6e34d5434a62140dc32122e',3,4,1,'1'),(521,'bf123fc6e34d5434a62140dc32122e',3,2,1,'2'),(522,'bf123fc6e34d5434a62140dc32122e',3,1,1,'3'),(523,'bf123fc6e34d5434a62140dc32122e',3,10,1,'2015-05-27'),(524,'28efa86ea4c2c78f6047a835bb4732',3,4,1,'1'),(525,'28efa86ea4c2c78f6047a835bb4732',3,2,1,'2'),(526,'28efa86ea4c2c78f6047a835bb4732',3,1,1,'3'),(527,'28efa86ea4c2c78f6047a835bb4732',3,10,1,'2015-05-27'),(528,'ee391f7844a0615c3d7c2ae1388e43',3,4,1,'1'),(529,'ee391f7844a0615c3d7c2ae1388e43',3,2,1,'2'),(530,'ee391f7844a0615c3d7c2ae1388e43',3,1,1,'3'),(531,'ee391f7844a0615c3d7c2ae1388e43',3,10,1,'2015-05-27'),(532,'2d91dc9d0a9e50cf206061261b0853',3,4,1,'1'),(533,'2d91dc9d0a9e50cf206061261b0853',3,2,1,'2'),(534,'2d91dc9d0a9e50cf206061261b0853',3,1,1,'3'),(535,'2d91dc9d0a9e50cf206061261b0853',3,10,1,'2015-05-27'),(536,'eda4281d816d6d51da2116138b575c',3,4,1,'1'),(537,'eda4281d816d6d51da2116138b575c',3,2,1,'2'),(538,'eda4281d816d6d51da2116138b575c',3,1,1,'3'),(539,'eda4281d816d6d51da2116138b575c',3,10,1,'2015-05-27'),(540,'726b1312e7a7353e2c680a546f0283',3,4,1,'1'),(541,'726b1312e7a7353e2c680a546f0283',3,2,1,'2'),(542,'726b1312e7a7353e2c680a546f0283',3,1,1,'3'),(543,'726b1312e7a7353e2c680a546f0283',3,10,1,'2015-05-27'),(544,'8fe3d9ec8be1f69fe522c1c98ef39e',3,4,1,'1'),(545,'8fe3d9ec8be1f69fe522c1c98ef39e',3,2,1,'2'),(546,'8fe3d9ec8be1f69fe522c1c98ef39e',3,1,1,'3'),(547,'8fe3d9ec8be1f69fe522c1c98ef39e',3,10,1,'2015-05-27'),(548,'4a2a04b5973af24e0a44c71c54d1cc',3,4,1,'1'),(549,'4a2a04b5973af24e0a44c71c54d1cc',3,2,1,'2'),(550,'4a2a04b5973af24e0a44c71c54d1cc',3,1,1,'3'),(551,'4a2a04b5973af24e0a44c71c54d1cc',3,10,1,'2015-05-27'),(552,'8b01b031d573986bfd8e176f89094d',3,4,1,'1'),(553,'8b01b031d573986bfd8e176f89094d',3,2,1,'2'),(554,'8b01b031d573986bfd8e176f89094d',3,1,1,'3'),(555,'8b01b031d573986bfd8e176f89094d',3,10,1,'2015-05-27'),(556,'dee3098c1c9d88e565cbe1580bdf04',3,4,1,'1'),(557,'dee3098c1c9d88e565cbe1580bdf04',3,2,1,'2'),(558,'dee3098c1c9d88e565cbe1580bdf04',3,1,1,'3'),(559,'dee3098c1c9d88e565cbe1580bdf04',3,10,1,'2015-05-27'),(560,'e8773874a5a4872fd4d0bd5f07e5db',3,4,1,'1'),(561,'e8773874a5a4872fd4d0bd5f07e5db',3,2,1,'2'),(562,'e8773874a5a4872fd4d0bd5f07e5db',3,1,1,'3'),(563,'e8773874a5a4872fd4d0bd5f07e5db',3,10,1,'2015-05-27'),(564,'526e660d5a7e3c5dc1faa261d08a89',3,4,1,'1'),(565,'526e660d5a7e3c5dc1faa261d08a89',3,2,1,'2'),(566,'526e660d5a7e3c5dc1faa261d08a89',3,1,1,'3'),(567,'526e660d5a7e3c5dc1faa261d08a89',3,10,1,'2015-05-27'),(568,'4f04bb48580574b9680bd68e891ea7',3,4,1,'1'),(569,'4f04bb48580574b9680bd68e891ea7',3,2,1,'2'),(570,'4f04bb48580574b9680bd68e891ea7',3,1,1,'3'),(571,'4f04bb48580574b9680bd68e891ea7',3,10,1,'2015-05-27'),(572,'213f1a84c49c518baa309c1716c494',3,4,1,'1'),(573,'213f1a84c49c518baa309c1716c494',3,2,1,'2'),(574,'213f1a84c49c518baa309c1716c494',3,1,1,'3'),(575,'213f1a84c49c518baa309c1716c494',3,10,1,'2015-05-27'),(576,'23851b80718fa8e86789c6c764a454',3,4,1,'1'),(577,'23851b80718fa8e86789c6c764a454',3,2,1,'2'),(578,'23851b80718fa8e86789c6c764a454',3,1,1,'3'),(579,'23851b80718fa8e86789c6c764a454',3,10,1,'2015-05-27'),(580,'b7b9b4b9bd300ee1ff925987d48414',3,4,1,'1'),(581,'b7b9b4b9bd300ee1ff925987d48414',3,2,1,'2'),(582,'b7b9b4b9bd300ee1ff925987d48414',3,1,1,'3'),(583,'b7b9b4b9bd300ee1ff925987d48414',3,10,1,'2015-05-27'),(584,'3a4710d5675a83e33cb280ffa1e97b',3,4,1,'1'),(585,'3a4710d5675a83e33cb280ffa1e97b',3,2,1,'2'),(586,'3a4710d5675a83e33cb280ffa1e97b',3,1,1,'3'),(587,'3a4710d5675a83e33cb280ffa1e97b',3,10,1,'2015-05-27'),(588,'d2d3fa903b03fedc49174281b5c490',3,4,1,'1'),(589,'d2d3fa903b03fedc49174281b5c490',3,2,1,'2'),(590,'d2d3fa903b03fedc49174281b5c490',3,1,1,'3'),(591,'d2d3fa903b03fedc49174281b5c490',3,10,1,'2015-05-27'),(592,'862dda5383c3d6bc06ad1302c80aae',3,4,1,'1'),(593,'862dda5383c3d6bc06ad1302c80aae',3,2,1,'2'),(594,'862dda5383c3d6bc06ad1302c80aae',3,1,1,'3'),(595,'862dda5383c3d6bc06ad1302c80aae',3,10,1,'2015-05-27'),(596,'6b37398eb19c16de9b914f7bd228a9',3,4,1,'1'),(597,'6b37398eb19c16de9b914f7bd228a9',3,2,1,'2'),(598,'6b37398eb19c16de9b914f7bd228a9',3,1,1,'3'),(599,'6b37398eb19c16de9b914f7bd228a9',3,10,1,'2015-05-27'),(600,'e60eebac941938d325825397a73f0c',3,4,1,'1'),(601,'e60eebac941938d325825397a73f0c',3,2,1,'2'),(602,'e60eebac941938d325825397a73f0c',3,1,1,'3'),(603,'e60eebac941938d325825397a73f0c',3,10,1,'2015-05-27'),(604,'527eb75ae7c9e72ae4cf11e0f0936a',3,4,1,'1'),(605,'527eb75ae7c9e72ae4cf11e0f0936a',3,2,1,'2'),(606,'527eb75ae7c9e72ae4cf11e0f0936a',3,1,1,'3'),(607,'527eb75ae7c9e72ae4cf11e0f0936a',3,10,1,'2015-05-27'),(608,'7b0ee8dbd2ae26cdaf6ee2fcf9328c',8,1,1,'oxkar'),(609,'7b0ee8dbd2ae26cdaf6ee2fcf9328c',8,2,1,'231'),(610,'7b0ee8dbd2ae26cdaf6ee2fcf9328c',8,6,1,'oxkar@tales'),(611,'7b0ee8dbd2ae26cdaf6ee2fcf9328c',8,10,1,'2015-05-14'),(612,'7b0ee8dbd2ae26cdaf6ee2fcf9328c',8,11,1,'2342'),(613,'ec7a98f00d3d79a840890cffaf89fc',8,1,1,'oxkar'),(614,'ec7a98f00d3d79a840890cffaf89fc',8,2,1,'231'),(615,'ec7a98f00d3d79a840890cffaf89fc',8,6,1,'oxkar@tales'),(616,'ec7a98f00d3d79a840890cffaf89fc',8,10,1,'2015-05-14'),(617,'ec7a98f00d3d79a840890cffaf89fc',8,11,1,'2342'),(618,'7fd438383e91bea5524618a10bb2ae',1,4,1,'01'),(619,'7fd438383e91bea5524618a10bb2ae',1,2,1,'80090916'),(620,'7fd438383e91bea5524618a10bb2ae',1,7,1,'310580'),(621,'a41e483a6d97ad20ce41a75f83fbc6',1,4,1,'01'),(622,'a41e483a6d97ad20ce41a75f83fbc6',1,2,1,'80090916'),(623,'a41e483a6d97ad20ce41a75f83fbc6',1,7,1,'310580'),(624,'6e7179fb0e8806fc9780d9be72009c',1,4,1,'01'),(625,'6e7179fb0e8806fc9780d9be72009c',1,2,1,'80090916'),(626,'6e7179fb0e8806fc9780d9be72009c',1,7,1,'310580'),(627,'28d9be72c720afc66ecccbeffbb835',1,4,1,'01'),(628,'28d9be72c720afc66ecccbeffbb835',1,2,1,'80090916'),(629,'28d9be72c720afc66ecccbeffbb835',1,7,1,'310580'),(630,'48505709914704a9ee55db4ab244f3',1,4,1,'01'),(631,'48505709914704a9ee55db4ab244f3',1,2,1,'80090916'),(632,'48505709914704a9ee55db4ab244f3',1,7,1,'310580'),(633,'878cdeaa4738eb649f0ccce0413212',1,4,1,'001'),(634,'878cdeaa4738eb649f0ccce0413212',1,2,1,'00089'),(635,'878cdeaa4738eb649f0ccce0413212',1,7,1,'3112804422'),(636,'7a772e2c90a04523152575dc93543c',1,4,1,'001'),(637,'7a772e2c90a04523152575dc93543c',1,2,1,'00089'),(638,'7a772e2c90a04523152575dc93543c',1,7,1,'3112804422'),(639,'7a0361865c1ba0919408ce562cf2c5',1,4,1,'001'),(640,'7a0361865c1ba0919408ce562cf2c5',1,2,1,'00089'),(641,'7a0361865c1ba0919408ce562cf2c5',1,7,1,'3112804422'),(642,'5ef70bfb47a88725c061ea3400b374',1,4,1,'001'),(643,'5ef70bfb47a88725c061ea3400b374',1,2,1,'00089'),(644,'5ef70bfb47a88725c061ea3400b374',1,7,1,'3112804422'),(645,'0161f62cc930ec60b6e08c36772a3b',1,4,1,'001'),(646,'0161f62cc930ec60b6e08c36772a3b',1,2,1,'00089'),(647,'0161f62cc930ec60b6e08c36772a3b',1,7,1,'3112804422'),(648,'6d3dc86dd6c2b66687e0c024d6c896',1,4,1,'001'),(649,'6d3dc86dd6c2b66687e0c024d6c896',1,2,1,'00089'),(650,'6d3dc86dd6c2b66687e0c024d6c896',1,7,1,'3112804422'),(651,'fa411c4069544a8275ac4f0ff9ba73',1,4,1,'001'),(652,'fa411c4069544a8275ac4f0ff9ba73',1,2,1,'00089'),(653,'fa411c4069544a8275ac4f0ff9ba73',1,7,1,'3112804422'),(654,'426309fd669558fa537a8ef019acb2',1,4,1,'001'),(655,'426309fd669558fa537a8ef019acb2',1,2,1,'00089'),(656,'426309fd669558fa537a8ef019acb2',1,7,1,'3112804422');
/*!40000 ALTER TABLE `my_fileindex` ENABLE KEYS */;
UNLOCK TABLES;

--
-- Table structure for table `my_files`
--

DROP TABLE IF EXISTS `my_files`;
/*!40101 SET @saved_cs_client     = @@character_set_client */;
/*!40101 SET character_set_client = utf8 */;
CREATE TABLE `my_files` (
  `id_file` int(11) NOT NULL AUTO_INCREMENT,
  `id_document` int(11) NOT NULL,
  `no_file` int(11) NOT NULL,
  `date` datetime DEFAULT NULL,
  `orden` int(11) DEFAULT NULL,
  PRIMARY KEY (`id_file`)
) ENGINE=MyISAM DEFAULT CHARSET=latin1;
/*!40101 SET character_set_client = @saved_cs_client */;

--
-- Dumping data for table `my_files`
--

LOCK TABLES `my_files` WRITE;
/*!40000 ALTER TABLE `my_files` DISABLE KEYS */;
/*!40000 ALTER TABLE `my_files` ENABLE KEYS */;
UNLOCK TABLES;

--
-- Table structure for table `my_groups`
--

DROP TABLE IF EXISTS `my_groups`;
/*!40101 SET @saved_cs_client     = @@character_set_client */;
/*!40101 SET character_set_client = utf8 */;
CREATE TABLE `my_groups` (
  `id_group` int(11) NOT NULL AUTO_INCREMENT,
  `group` varchar(100) DEFAULT NULL,
  `id_status` int(11) DEFAULT NULL,
  `date` datetime DEFAULT NULL,
  PRIMARY KEY (`id_group`)
) ENGINE=MyISAM AUTO_INCREMENT=7 DEFAULT CHARSET=latin1;
/*!40101 SET character_set_client = @saved_cs_client */;

--
-- Dumping data for table `my_groups`
--

LOCK TABLES `my_groups` WRITE;
/*!40000 ALTER TABLE `my_groups` DISABLE KEYS */;
INSERT INTO `my_groups` VALUES (6,'SISTEMAS',1,'2014-07-04 11:13:52'),(2,'TALES',1,'2014-06-16 17:33:53');
/*!40000 ALTER TABLE `my_groups` ENABLE KEYS */;
UNLOCK TABLES;

--
-- Table structure for table `my_groupuser`
--

DROP TABLE IF EXISTS `my_groupuser`;
/*!40101 SET @saved_cs_client     = @@character_set_client */;
/*!40101 SET character_set_client = utf8 */;
CREATE TABLE `my_groupuser` (
  `id_group` int(11) DEFAULT NULL,
  `id_user` int(11) DEFAULT NULL
) ENGINE=MyISAM DEFAULT CHARSET=latin1;
/*!40101 SET character_set_client = @saved_cs_client */;

--
-- Dumping data for table `my_groupuser`
--

LOCK TABLES `my_groupuser` WRITE;
/*!40000 ALTER TABLE `my_groupuser` DISABLE KEYS */;
INSERT INTO `my_groupuser` VALUES (2,1),(6,1);
/*!40000 ALTER TABLE `my_groupuser` ENABLE KEYS */;
UNLOCK TABLES;

--
-- Table structure for table `my_groupusers`
--

DROP TABLE IF EXISTS `my_groupusers`;
/*!40101 SET @saved_cs_client     = @@character_set_client */;
/*!40101 SET character_set_client = utf8 */;
CREATE TABLE `my_groupusers` (
  `id_group` int(11) DEFAULT NULL,
  `id_user` int(11) DEFAULT NULL
) ENGINE=MyISAM DEFAULT CHARSET=latin1;
/*!40101 SET character_set_client = @saved_cs_client */;

--
-- Dumping data for table `my_groupusers`
--

LOCK TABLES `my_groupusers` WRITE;
/*!40000 ALTER TABLE `my_groupusers` DISABLE KEYS */;
/*!40000 ALTER TABLE `my_groupusers` ENABLE KEYS */;
UNLOCK TABLES;

--
-- Table structure for table `my_indexes`
--

DROP TABLE IF EXISTS `my_indexes`;
/*!40101 SET @saved_cs_client     = @@character_set_client */;
/*!40101 SET character_set_client = utf8 */;
CREATE TABLE `my_indexes` (
  `id_index` int(11) NOT NULL AUTO_INCREMENT,
  `indexes` varchar(100) DEFAULT NULL,
  `description` text,
  `id_status` int(11) DEFAULT NULL,
  `date` datetime DEFAULT NULL,
  `id_type` int(11) DEFAULT NULL,
  PRIMARY KEY (`id_index`)
) ENGINE=MyISAM AUTO_INCREMENT=19 DEFAULT CHARSET=latin1;
/*!40101 SET character_set_client = @saved_cs_client */;

--
-- Dumping data for table `my_indexes`
--

LOCK TABLES `my_indexes` WRITE;
/*!40000 ALTER TABLE `my_indexes` DISABLE KEYS */;
INSERT INTO `my_indexes` VALUES (1,'NAME','FIELD NAME OF TYPE TEXT',1,'2014-05-30 11:12:27',1),(2,'IDENTIFICATION','FIELD IDENTIFICATION OF TYPE INTEGER',1,'2014-05-30 11:13:41',2),(4,'LOTE','lote',1,'2014-06-01 19:01:07',1),(5,'Direccion','Direccion',1,'2014-07-18 23:57:20',1),(6,'CORREO','CORREO',1,'2014-07-19 09:53:02',1),(7,'CELULAR','CELULAR',1,'2014-07-19 09:53:18',1),(8,'TELEFONO','TELEFONO',1,'2014-07-19 09:53:33',1),(9,'COBAMA','COBAMA',1,'2014-07-19 09:55:26',1),(10,'FECHANACIMIENTO','FECHA NACIMIENTO',1,'2014-07-19 09:55:46',4),(11,'SUELDO','SUELDO',1,'2014-07-19 09:56:05',1),(13,'sexibiris','sdfafd',1,'2014-10-08 13:03:34',1),(14,'FOLIO','ESTO ES UN FOLIO',1,'2015-03-17 14:37:16',2),(15,'EMPRESA','EMPRESA',1,'2015-03-19 22:56:33',1),(16,'NoResolucion','No Resolucion',1,'2015-03-22 13:13:57',1),(17,'FechaResolucion','Fecha',1,'2015-03-22 13:14:23',4),(18,'NombreResolucion','Nombre resolucion',1,'2015-03-22 13:14:51',1);
/*!40000 ALTER TABLE `my_indexes` ENABLE KEYS */;
UNLOCK TABLES;

--
-- Table structure for table `my_permissionrole`
--

DROP TABLE IF EXISTS `my_permissionrole`;
/*!40101 SET @saved_cs_client     = @@character_set_client */;
/*!40101 SET character_set_client = utf8 */;
CREATE TABLE `my_permissionrole` (
  `id_rol` int(11) NOT NULL,
  `id_permission` int(11) NOT NULL,
  `value` tinyint(4) NOT NULL,
  UNIQUE KEY `id_rol` (`id_rol`,`id_permission`)
) ENGINE=MyISAM DEFAULT CHARSET=latin1;
/*!40101 SET character_set_client = @saved_cs_client */;

--
-- Dumping data for table `my_permissionrole`
--

LOCK TABLES `my_permissionrole` WRITE;
/*!40000 ALTER TABLE `my_permissionrole` DISABLE KEYS */;
INSERT INTO `my_permissionrole` VALUES (1,2,1),(1,3,1),(1,1,1),(1,4,1),(1,5,1),(1,6,1),(1,7,1),(1,8,1),(1,16,1),(15,3,1),(15,4,1),(15,2,1),(15,1,1),(16,8,1),(16,4,1),(16,1,1),(16,2,1),(16,3,1),(16,5,1),(16,6,1),(16,7,1),(16,9,0),(16,0,1),(15,0,1),(15,9,1),(1,9,1),(1,17,1),(1,18,1),(1,19,1),(1,20,1),(1,21,1),(1,22,1),(1,23,1),(1,24,1),(1,25,1),(2,1,1),(1,26,1),(1,28,1),(1,27,1),(1,29,1),(1,30,1),(2,30,1),(2,29,1),(1,31,1),(1,32,1),(1,33,1);
/*!40000 ALTER TABLE `my_permissionrole` ENABLE KEYS */;
UNLOCK TABLES;

--
-- Table structure for table `my_permissions`
--

DROP TABLE IF EXISTS `my_permissions`;
/*!40101 SET @saved_cs_client     = @@character_set_client */;
/*!40101 SET character_set_client = utf8 */;
CREATE TABLE `my_permissions` (
  `id_permission` int(11) NOT NULL AUTO_INCREMENT,
  `permission` varchar(100) NOT NULL,
  `key` varchar(50) NOT NULL,
  PRIMARY KEY (`id_permission`)
) ENGINE=MyISAM AUTO_INCREMENT=34 DEFAULT CHARSET=latin1;
/*!40101 SET character_set_client = @saved_cs_client */;

--
-- Dumping data for table `my_permissions`
--

LOCK TABLES `my_permissions` WRITE;
/*!40000 ALTER TABLE `my_permissions` DISABLE KEYS */;
INSERT INTO `my_permissions` VALUES (1,'Adminitracion Tasks','admin_access'),(2,'Add User','new_user'),(3,'Edit User','edit_user'),(4,'Delete User','delete_user'),(5,'Add Rol','new_rol'),(6,'Edit Rol','edit_rol'),(7,'Delete Rol','delete_rol'),(8,'Add Permission','new_permission'),(9,'Edit Permission','edit_permission'),(17,'Add Group','new_group'),(16,'Delete Permission','delete_permission'),(15,'Add Permission','new_permission'),(18,'Edit_group','edit_group'),(19,'Delete Group','delete_group'),(20,'Add Index','new_index'),(21,'Edit Index','edit_index'),(22,'Delete Index','delete_index'),(23,'Add Document','new_document'),(24,'Edit Document','edit_document'),(25,'Delete Document','delete_document'),(26,'View Table Retention','view_retention'),(27,'View Table Valoration','view_valoration'),(28,'View Repository','view_repository'),(29,'View Menu Sistem','view_menu_system'),(30,'View Menu Admin','view_menu_admin'),(31,'New Repository','new_repository'),(32,'Edit Repository','edit_repository'),(33,'Delete Repository','delete_repository');
/*!40000 ALTER TABLE `my_permissions` ENABLE KEYS */;
UNLOCK TABLES;

--
-- Table structure for table `my_permissionuser`
--

DROP TABLE IF EXISTS `my_permissionuser`;
/*!40101 SET @saved_cs_client     = @@character_set_client */;
/*!40101 SET character_set_client = utf8 */;
CREATE TABLE `my_permissionuser` (
  `id_user` int(11) NOT NULL,
  `id_permission` int(11) NOT NULL,
  `value` tinyint(4) DEFAULT NULL,
  UNIQUE KEY `id_user` (`id_user`,`id_permission`)
) ENGINE=MyISAM DEFAULT CHARSET=latin1;
/*!40101 SET character_set_client = @saved_cs_client */;

--
-- Dumping data for table `my_permissionuser`
--

LOCK TABLES `my_permissionuser` WRITE;
/*!40000 ALTER TABLE `my_permissionuser` DISABLE KEYS */;
/*!40000 ALTER TABLE `my_permissionuser` ENABLE KEYS */;
UNLOCK TABLES;

--
-- Table structure for table `my_records`
--

DROP TABLE IF EXISTS `my_records`;
/*!40101 SET @saved_cs_client     = @@character_set_client */;
/*!40101 SET character_set_client = utf8 */;
CREATE TABLE `my_records` (
  `id_record` int(11) NOT NULL AUTO_INCREMENT,
  `id_hastrecord` varchar(30) NOT NULL,
  `namerecord` varchar(100) NOT NULL,
  `table` int(11) NOT NULL,
  `serie` int(11) DEFAULT NULL,
  `subserie` int(11) DEFAULT NULL,
  PRIMARY KEY (`id_record`)
) ENGINE=InnoDB DEFAULT CHARSET=latin1;
/*!40101 SET character_set_client = @saved_cs_client */;

--
-- Dumping data for table `my_records`
--

LOCK TABLES `my_records` WRITE;
/*!40000 ALTER TABLE `my_records` DISABLE KEYS */;
/*!40000 ALTER TABLE `my_records` ENABLE KEYS */;
UNLOCK TABLES;

--
-- Table structure for table `my_retentions`
--

DROP TABLE IF EXISTS `my_retentions`;
/*!40101 SET @saved_cs_client     = @@character_set_client */;
/*!40101 SET character_set_client = utf8 */;
CREATE TABLE `my_retentions` (
  `id_retention` int(11) NOT NULL AUTO_INCREMENT,
  `retention` varchar(100) DEFAULT NULL,
  `id_parent` int(11) DEFAULT NULL,
  PRIMARY KEY (`id_retention`)
) ENGINE=MyISAM AUTO_INCREMENT=28 DEFAULT CHARSET=latin1;
/*!40101 SET character_set_client = @saved_cs_client */;

--
-- Dumping data for table `my_retentions`
--

LOCK TABLES `my_retentions` WRITE;
/*!40000 ALTER TABLE `my_retentions` DISABLE KEYS */;
INSERT INTO `my_retentions` VALUES (1,'DEPARTAMENTO DE SISTEMAS',0),(2,'LICENCIAS',1),(6,'tales',0),(7,'tales2',6),(12,'TRINT2',1),(13,'SISTEMAS',0),(14,'Software',13),(17,'CONTABILIDAD',0),(18,'Ordenes de pago',17),(19,'RE',0),(20,'RT5HGTUTY',19),(21,'agregar',19),(22,'PLANEACION',0),(23,'Planos Arquetectonicos',22),(24,'SECRETARIA DE HACIENDA',0),(25,'HACIENDA',24),(26,'LICENCIAS',0),(27,'Ambientales',26);
/*!40000 ALTER TABLE `my_retentions` ENABLE KEYS */;
UNLOCK TABLES;

--
-- Table structure for table `my_retentiontypdoc`
--

DROP TABLE IF EXISTS `my_retentiontypdoc`;
/*!40101 SET @saved_cs_client     = @@character_set_client */;
/*!40101 SET character_set_client = utf8 */;
CREATE TABLE `my_retentiontypdoc` (
  `id_retention` int(11) DEFAULT NULL,
  `id_typedoc` int(11) DEFAULT NULL
) ENGINE=MyISAM DEFAULT CHARSET=latin1;
/*!40101 SET character_set_client = @saved_cs_client */;

--
-- Dumping data for table `my_retentiontypdoc`
--

LOCK TABLES `my_retentiontypdoc` WRITE;
/*!40000 ALTER TABLE `my_retentiontypdoc` DISABLE KEYS */;
INSERT INTO `my_retentiontypdoc` VALUES (14,5),(12,5),(7,3),(7,1),(2,3),(2,1),(18,7),(20,3),(20,4),(21,5),(23,8),(25,9),(25,8),(27,10);
/*!40000 ALTER TABLE `my_retentiontypdoc` ENABLE KEYS */;
UNLOCK TABLES;

--
-- Table structure for table `my_retentiontypedocindex`
--

DROP TABLE IF EXISTS `my_retentiontypedocindex`;
/*!40101 SET @saved_cs_client     = @@character_set_client */;
/*!40101 SET character_set_client = utf8 */;
CREATE TABLE `my_retentiontypedocindex` (
  `id_typedoc` int(11) DEFAULT NULL,
  `id_index` int(11) DEFAULT NULL,
  `orden` int(11) DEFAULT NULL
) ENGINE=MyISAM DEFAULT CHARSET=latin1;
/*!40101 SET character_set_client = @saved_cs_client */;

--
-- Dumping data for table `my_retentiontypedocindex`
--

LOCK TABLES `my_retentiontypedocindex` WRITE;
/*!40000 ALTER TABLE `my_retentiontypedocindex` DISABLE KEYS */;
INSERT INTO `my_retentiontypedocindex` VALUES (3,4,1),(3,2,1),(4,4,1),(4,1,1),(4,2,1),(1,4,1),(1,2,1),(5,1,1),(5,2,1),(5,4,1),(5,5,1),(5,6,1),(5,7,1),(5,8,1),(5,9,1),(5,10,1),(5,11,1),(1,7,1),(3,1,1),(3,10,1),(4,10,1),(8,1,1),(8,2,1),(8,6,1),(8,10,1),(8,11,1),(9,1,1),(9,2,1),(9,4,1),(9,6,1),(9,7,1),(9,8,1),(9,9,1),(9,10,1),(9,11,1),(9,14,1),(9,15,1),(10,16,1),(10,17,1),(10,18,1),(5,16,1);
/*!40000 ALTER TABLE `my_retentiontypedocindex` ENABLE KEYS */;
UNLOCK TABLES;

--
-- Table structure for table `my_roles`
--

DROP TABLE IF EXISTS `my_roles`;
/*!40101 SET @saved_cs_client     = @@character_set_client */;
/*!40101 SET character_set_client = utf8 */;
CREATE TABLE `my_roles` (
  `id_rol` int(11) NOT NULL AUTO_INCREMENT,
  `rol` varchar(100) NOT NULL,
  `description` text,
  `id_status` int(11) DEFAULT NULL,
  `date` datetime DEFAULT NULL,
  PRIMARY KEY (`id_rol`)
) ENGINE=MyISAM AUTO_INCREMENT=21 DEFAULT CHARSET=latin1;
/*!40101 SET character_set_client = @saved_cs_client */;

--
-- Dumping data for table `my_roles`
--

LOCK TABLES `my_roles` WRITE;
/*!40000 ALTER TABLE `my_roles` DISABLE KEYS */;
INSERT INTO `my_roles` VALUES (1,'Administrator','ADMINISTRATOR OF DE APLICATION',NULL,NULL),(2,'Consult','CONSULT OF DE APLICATION',NULL,NULL);
/*!40000 ALTER TABLE `my_roles` ENABLE KEYS */;
UNLOCK TABLES;

--
-- Table structure for table `my_status`
--

DROP TABLE IF EXISTS `my_status`;
/*!40101 SET @saved_cs_client     = @@character_set_client */;
/*!40101 SET character_set_client = utf8 */;
CREATE TABLE `my_status` (
  `id_status` int(11) NOT NULL AUTO_INCREMENT,
  `status` varchar(50) DEFAULT NULL,
  PRIMARY KEY (`id_status`)
) ENGINE=MyISAM AUTO_INCREMENT=3 DEFAULT CHARSET=latin1;
/*!40101 SET character_set_client = @saved_cs_client */;

--
-- Dumping data for table `my_status`
--

LOCK TABLES `my_status` WRITE;
/*!40000 ALTER TABLE `my_status` DISABLE KEYS */;
INSERT INTO `my_status` VALUES (1,'Enable'),(2,'Disabled');
/*!40000 ALTER TABLE `my_status` ENABLE KEYS */;
UNLOCK TABLES;

--
-- Table structure for table `my_tempfiles`
--

DROP TABLE IF EXISTS `my_tempfiles`;
/*!40101 SET @saved_cs_client     = @@character_set_client */;
/*!40101 SET character_set_client = utf8 */;
CREATE TABLE `my_tempfiles` (
  `id_tempfile` int(11) NOT NULL AUTO_INCREMENT,
  `nametempfile` varchar(150) NOT NULL,
  `path` varchar(250) NOT NULL,
  PRIMARY KEY (`id_tempfile`)
) ENGINE=MyISAM DEFAULT CHARSET=latin1;
/*!40101 SET character_set_client = @saved_cs_client */;

--
-- Dumping data for table `my_tempfiles`
--

LOCK TABLES `my_tempfiles` WRITE;
/*!40000 ALTER TABLE `my_tempfiles` DISABLE KEYS */;
/*!40000 ALTER TABLE `my_tempfiles` ENABLE KEYS */;
UNLOCK TABLES;

--
-- Table structure for table `my_tmps`
--

DROP TABLE IF EXISTS `my_tmps`;
/*!40101 SET @saved_cs_client     = @@character_set_client */;
/*!40101 SET character_set_client = utf8 */;
CREATE TABLE `my_tmps` (
  `id_tmp` int(11) NOT NULL AUTO_INCREMENT,
  `uid_path` varchar(60) NOT NULL,
  `nametmp` varchar(150) NOT NULL,
  `ruta` varchar(200) NOT NULL,
  `ext` varchar(10) DEFAULT NULL,
  PRIMARY KEY (`id_tmp`)
) ENGINE=InnoDB AUTO_INCREMENT=191 DEFAULT CHARSET=latin1;
/*!40101 SET character_set_client = @saved_cs_client */;

--
-- Dumping data for table `my_tmps`
--

LOCK TABLES `my_tmps` WRITE;
/*!40000 ALTER TABLE `my_tmps` DISABLE KEYS */;
INSERT INTO `my_tmps` VALUES (1,'53f74269','000267080000030.tif','/var/www/html/myfile/uploads/53f74269/','tif'),(2,'53f74269','000267080000050.tif','/var/www/html/myfile/uploads/53f74269/','tif'),(3,'53f74269','000267080000020.tif','/var/www/html/myfile/uploads/53f74269/','tif'),(4,'53f74269','000267080000070.tif','/var/www/html/myfile/uploads/53f74269/','tif'),(5,'53f74269','000267080000060.tif','/var/www/html/myfile/uploads/53f74269/','tif'),(6,'53f74269','000267080000010.tif','/var/www/html/myfile/uploads/53f74269/','tif'),(7,'4e1da48f','000267080000030.tif','/var/www/html/myfile/uploads/4e1da48f/','tif'),(8,'4e1da48f','000267080000050.tif','/var/www/html/myfile/uploads/4e1da48f/','tif'),(9,'4e1da48f','000267080000020.tif','/var/www/html/myfile/uploads/4e1da48f/','tif'),(10,'4e1da48f','000267080000070.tif','/var/www/html/myfile/uploads/4e1da48f/','tif'),(11,'4e1da48f','000267080000060.tif','/var/www/html/myfile/uploads/4e1da48f/','tif'),(12,'4e1da48f','000267080000010.tif','/var/www/html/myfile/uploads/4e1da48f/','tif'),(13,'4e1da48f','Captura de pantalla de 2014-10-10 15:22:56.png','/var/www/html/myfile/uploads/4e1da48f/','png'),(14,'4e1da48f','Captura de pantalla de 2014-10-10 15:22:11.png','/var/www/html/myfile/uploads/4e1da48f/','png'),(15,'4e1da48f','Captura de pantalla de 2014-10-10 15:18:47.png','/var/www/html/myfile/uploads/4e1da48f/','png'),(16,'4e1da48f','Captura de pantalla de 2014-10-10 14:53:54.png','/var/www/html/myfile/uploads/4e1da48f/','png'),(17,'345ef916','1.png','/var/www/html/myfile/uploads/345ef916/','png'),(18,'345ef916','2.png','/var/www/html/myfile/uploads/345ef916/','png'),(19,'345ef916','3.png','/var/www/html/myfile/uploads/345ef916/','png'),(20,'345ef916','4.png','/var/www/html/myfile/uploads/345ef916/','png'),(21,'345ef916','5.png','/var/www/html/myfile/uploads/345ef916/','png'),(22,'345ef916','7.png','/var/www/html/myfile/uploads/345ef916/','png'),(23,'345ef916','000267080000030.tif','/var/www/html/myfile/uploads/345ef916/','tif'),(24,'345ef916','000267080000050.tif','/var/www/html/myfile/uploads/345ef916/','tif'),(25,'345ef916','000267080000020.tif','/var/www/html/myfile/uploads/345ef916/','tif'),(26,'345ef916','000267080000070.tif','/var/www/html/myfile/uploads/345ef916/','tif'),(27,'345ef916','000267080000060.tif','/var/www/html/myfile/uploads/345ef916/','tif'),(28,'2ed7e654','instalaciondelSGED.pdf','/var/www/html/myfile/uploads/2ed7e654/','pdf'),(29,'2f478cb3','1.png','/var/www/html/myfile/uploads/2f478cb3/','png'),(30,'2f478cb3','2.png','/var/www/html/myfile/uploads/2f478cb3/','png'),(31,'2f478cb3','3.png','/var/www/html/myfile/uploads/2f478cb3/','png'),(32,'2f478cb3','4.png','/var/www/html/myfile/uploads/2f478cb3/','png'),(33,'2f478cb3','5.png','/var/www/html/myfile/uploads/2f478cb3/','png'),(34,'2f478cb3','7.png','/var/www/html/myfile/uploads/2f478cb3/','png'),(35,'2f478cb3','8.png','/var/www/html/myfile/uploads/2f478cb3/','png'),(36,'2f478cb3','9.png','/var/www/html/myfile/uploads/2f478cb3/','png'),(37,'2f478cb3','10.png','/var/www/html/myfile/uploads/2f478cb3/','png'),(38,'2f478cb3','11.png','/var/www/html/myfile/uploads/2f478cb3/','png'),(39,'2f478cb3','12.png','/var/www/html/myfile/uploads/2f478cb3/','png'),(40,'2f478cb3','13.png','/var/www/html/myfile/uploads/2f478cb3/','png'),(41,'2f478cb3','14.png','/var/www/html/myfile/uploads/2f478cb3/','png'),(42,'2f478cb3','15.png','/var/www/html/myfile/uploads/2f478cb3/','png'),(43,'2f478cb3','16.png','/var/www/html/myfile/uploads/2f478cb3/','png'),(44,'2f478cb3','17.png','/var/www/html/myfile/uploads/2f478cb3/','png'),(45,'2f478cb3','18.png','/var/www/html/myfile/uploads/2f478cb3/','png'),(46,'2f478cb3','19.png','/var/www/html/myfile/uploads/2f478cb3/','png'),(47,'2f478cb3','20.png','/var/www/html/myfile/uploads/2f478cb3/','png'),(48,'2f478cb3','21.png','/var/www/html/myfile/uploads/2f478cb3/','png'),(49,'2f478cb3','22.png','/var/www/html/myfile/uploads/2f478cb3/','png'),(50,'2f478cb3','23.png','/var/www/html/myfile/uploads/2f478cb3/','png'),(51,'2f478cb3','24.png','/var/www/html/myfile/uploads/2f478cb3/','png'),(52,'2f478cb3','2014-03-25.jpg','/var/www/html/myfile/uploads/2f478cb3/','jpg'),(53,'2f478cb3','20140101_024048.jpg','/var/www/html/myfile/uploads/2f478cb3/','jpg'),(54,'2f478cb3','flujo.png','/var/www/html/myfile/uploads/2f478cb3/','png'),(55,'2f478cb3','logopowerfile1.png','/var/www/html/myfile/uploads/2f478cb3/','png'),(56,'2f478cb3','Plugin1.png','/var/www/html/myfile/uploads/2f478cb3/','png'),(57,'2f478cb3','Sin nombre.jpg','/var/www/html/myfile/uploads/2f478cb3/','jpg'),(58,'b64bc8ea','18.png','/var/www/html/myfile/uploads/b64bc8ea/','png'),(59,'4745abcc','18.png','/var/www/html/myfile/uploads/4745abcc/','png'),(60,'8a41f79b','19.png','/var/www/html/myfile/uploads/8a41f79b/','png'),(61,'c2ad2a89','18.png','/var/www/html/myfile/uploads/c2ad2a89/','png'),(62,'c2ad2a89','18.png','/var/www/html/myfile/uploads/c2ad2a89/','png'),(63,'c58a6b55','17.png','/var/www/html/myfile/uploads/c58a6b55/','png'),(64,'32c47181','17.png','/var/www/html/myfile/uploads/32c47181/','png'),(65,'b9d88e62','000267080000010.tif','/var/www/html/myfile/uploads/b9d88e62/','tif'),(66,'b9d88e62','000267080000020.tif','/var/www/html/myfile/uploads/b9d88e62/','tif'),(67,'b9d88e62','000267080000030.tif','/var/www/html/myfile/uploads/b9d88e62/','tif'),(68,'b9d88e62','000267080000040.tif','/var/www/html/myfile/uploads/b9d88e62/','tif'),(69,'b9d88e62','000267080000050.tif','/var/www/html/myfile/uploads/b9d88e62/','tif'),(70,'b9d88e62','000267080000060.tif','/var/www/html/myfile/uploads/b9d88e62/','tif'),(71,'b9d88e62','000267080000070.tif','/var/www/html/myfile/uploads/b9d88e62/','tif'),(72,'b9d88e62','18.png','/var/www/html/myfile/uploads/b9d88e62/','png'),(73,'6ca4dfda','18.png','/var/www/html/myfile/uploads/6ca4dfda/','png'),(74,'6ca4dfda','17.png','/var/www/html/myfile/uploads/6ca4dfda/','png'),(75,'6ca4dfda','16.png','/var/www/html/myfile/uploads/6ca4dfda/','png'),(76,'6ca4dfda','15.png','/var/www/html/myfile/uploads/6ca4dfda/','png'),(77,'3575e2a0','IMG_20140928_185059.jpg','/var/www/html/myfile/uploads/3575e2a0/','jpg'),(78,'3e885cc7','000267080000010.tif','/var/www/html/myfile/uploads/3e885cc7/','tif'),(79,'3e885cc7','000267080000020.tif','/var/www/html/myfile/uploads/3e885cc7/','tif'),(80,'3e885cc7','000267080000030.tif','/var/www/html/myfile/uploads/3e885cc7/','tif'),(81,'3e885cc7','000267080000060.tif','/var/www/html/myfile/uploads/3e885cc7/','tif'),(82,'3e885cc7','000267080000070.tif','/var/www/html/myfile/uploads/3e885cc7/','tif'),(83,'80d4f123','7583399.tif','/var/www/html/myfile/uploads/80d4f123/','tif'),(84,'80d4f123','5074580.tif','/var/www/html/myfile/uploads/80d4f123/','tif'),(85,'4f4a1440','5074580.tif','/var/www/html/myfile/uploads/4f4a1440/','tif'),(86,'4f4a1440','000267080000030.tif','/var/www/html/myfile/uploads/4f4a1440/','tif'),(87,'4f4a1440','000267080000010.tif','/var/www/html/myfile/uploads/4f4a1440/','tif'),(88,'ca527713','000267080000050.tif','/var/www/html/myfile/uploads/ca527713/','tif'),(89,'ca527713','000267080000030.tif','/var/www/html/myfile/uploads/ca527713/','tif'),(90,'ca527713','000267080000020.tif','/var/www/html/myfile/uploads/ca527713/','tif'),(91,'ca527713','000267080000070.tif','/var/www/html/myfile/uploads/ca527713/','tif'),(92,'ca527713','000267080000060.tif','/var/www/html/myfile/uploads/ca527713/','tif'),(93,'ca527713','000267080000010.tif','/var/www/html/myfile/uploads/ca527713/','tif'),(94,'ca527713','000267080000040.tif','/var/www/html/myfile/uploads/ca527713/','tif'),(95,'ca527713','1417022889_708137_1417024525_album_grande.jpg','/var/www/html/myfile/uploads/ca527713/','jpg'),(96,'5a4f9a12','000267080000040.tif','/var/www/html/myfile/uploads/5a4f9a12/','tif'),(97,'5a4f9a12','Hoja de Vida Yeison.pdf','/var/www/html/myfile/uploads/5a4f9a12/','pdf'),(98,'f53a809a','docNoAprobados.pdf','/var/www/html/myfile/uploads/f53a809a/','pdf'),(99,'e39bd8c0','siscorp.jpg','/var/www/html/myfile/uploads/e39bd8c0/','jpg'),(100,'64f58191','siscorp.jpg','/var/www/html/myfile/uploads/64f58191/','jpg'),(101,'64f58191','TEMPWS_tales.pdf','/var/www/html/myfile/uploads/64f58191/','pdf'),(102,'64f58191','PowerFile.pdf','/var/www/html/myfile/uploads/64f58191/','pdf'),(103,'64f58191','PowerFile.pdf','/var/www/html/myfile/uploads/64f58191/','pdf'),(104,'2f3b8468','TEMP93fed63777.tif','/var/www/html/myfile/uploads/2f3b8468/','tif'),(105,'2f3b8468','9842129.tif','/var/www/html/myfile/uploads/2f3b8468/','tif'),(106,'2f3b8468','000267080000030.tif','/var/www/html/myfile/uploads/2f3b8468/','tif'),(107,'2f3b8468','000267080000050.tif','/var/www/html/myfile/uploads/2f3b8468/','tif'),(108,'2f3b8468','000267080000020.tif','/var/www/html/myfile/uploads/2f3b8468/','tif'),(109,'2f3b8468','000267080000070.tif','/var/www/html/myfile/uploads/2f3b8468/','tif'),(110,'2f3b8468','000267080000060.tif','/var/www/html/myfile/uploads/2f3b8468/','tif'),(111,'2f3b8468','000267080000010.tif','/var/www/html/myfile/uploads/2f3b8468/','tif'),(112,'7c1192c4','000267080000030.tif','/var/www/html/myfile/uploads/7c1192c4/','tif'),(113,'19bff90e','000267080000030.tif','/var/www/html/myfile/uploads/19bff90e/','tif'),(114,'920dafad','000267080000030.tif','/var/www/html/myfile/uploads/920dafad/','tif'),(115,'25f4f733','000267080000010.tif','/var/www/html/myfile/uploads/25f4f733/','tif'),(116,'53cf011b','000267080000030.tif','/var/www/html/myfile/uploads/53cf011b/','tif'),(117,'53cf011b','000267080000050.tif','/var/www/html/myfile/uploads/53cf011b/','tif'),(118,'53cf011b','000267080000020.tif','/var/www/html/myfile/uploads/53cf011b/','tif'),(119,'6beda1dc','000267080000030.tif','/var/www/html/myfile/uploads/6beda1dc/','tif'),(120,'e140a73c','docNoAprobados.pdf','/var/www/html/myfile/uploads/e140a73c/','pdf'),(121,'e1fbfe8e','530802.tif','/var/www/html/myfile/uploads/e1fbfe8e/','tif'),(122,'8b9754d5','medellin.png','/var/www/html/myfile/uploads/8b9754d5/','png'),(123,'88d6f903','saludjunio.pdf','/var/www/html/myfile/uploads/88d6f903/','pdf'),(124,'9b573567','11.png','/var/www/html/myfile/uploads/9b573567/','png'),(125,'9b573567','12.png','/var/www/html/myfile/uploads/9b573567/','png'),(126,'9b573567','13.png','/var/www/html/myfile/uploads/9b573567/','png'),(127,'9b573567','14.png','/var/www/html/myfile/uploads/9b573567/','png'),(128,'d4ddbc7d','2.png','/var/www/html/myfile/uploads/d4ddbc7d/','png'),(129,'152e624b','saludjunio.pdf','/var/www/html/myfile/uploads/152e624b/','pdf'),(130,'d7e5e08b','saludjunio.pdf','/var/www/html/myfile/uploads/d7e5e08b/','pdf'),(131,'435cc23f','docNoAprobados.pdf','/var/www/html/myfile/uploads/435cc23f/','pdf'),(132,'b9871f73','tales.tif','/var/www/html/myfile/uploads/b9871f73/','tif'),(133,'ee96ee2b','000267080000030.tif','/var/www/html/myfile/uploads/ee96ee2b/','tif'),(134,'ee96ee2b','000267080000050.tif','/var/www/html/myfile/uploads/ee96ee2b/','tif'),(135,'ee96ee2b','000267080000020.tif','/var/www/html/myfile/uploads/ee96ee2b/','tif'),(136,'78b318f9','000267080000030.tif','/var/www/html/myfile/uploads/78b318f9/','tif'),(137,'78b318f9','000267080000050.tif','/var/www/html/myfile/uploads/78b318f9/','tif'),(138,'78b318f9','000267080000020.tif','/var/www/html/myfile/uploads/78b318f9/','tif'),(139,'78b318f9','000267080000070.tif','/var/www/html/myfile/uploads/78b318f9/','tif'),(140,'78b318f9','000267080000060.tif','/var/www/html/myfile/uploads/78b318f9/','tif'),(141,'78b318f9','000267080000010.tif','/var/www/html/myfile/uploads/78b318f9/','tif'),(142,'78b318f9','000267080000060.tif','/var/www/html/myfile/uploads/78b318f9/','tif'),(143,'f8c8ec10','000267080000030.tif','/var/www/html/myfile/uploads/f8c8ec10/','tif'),(144,'f8c8ec10','000267080000050.tif','/var/www/html/myfile/uploads/f8c8ec10/','tif'),(145,'f8c8ec10','000267080000020.tif','/var/www/html/myfile/uploads/f8c8ec10/','tif'),(146,'f8c8ec10','000267080000070.tif','/var/www/html/myfile/uploads/f8c8ec10/','tif'),(147,'f8c8ec10','000267080000060.tif','/var/www/html/myfile/uploads/f8c8ec10/','tif'),(148,'f8c8ec10','000267080000010.tif','/var/www/html/myfile/uploads/f8c8ec10/','tif'),(149,'5a16d6cd','000267080000030.tif','/var/www/html/myfile/uploads/5a16d6cd/','tif'),(150,'5a16d6cd','000267080000050.tif','/var/www/html/myfile/uploads/5a16d6cd/','tif'),(151,'5a16d6cd','000267080000020.tif','/var/www/html/myfile/uploads/5a16d6cd/','tif'),(152,'bc3a935d','000267080000030.tif','/var/www/html/myfile/uploads/bc3a935d/','tif'),(153,'bc3a935d','000267080000050.tif','/var/www/html/myfile/uploads/bc3a935d/','tif'),(154,'bc3a935d','000267080000020.tif','/var/www/html/myfile/uploads/bc3a935d/','tif'),(155,'bc3a935d','000267080000070.tif','/var/www/html/myfile/uploads/bc3a935d/','tif'),(156,'bc3a935d','000267080000060.tif','/var/www/html/myfile/uploads/bc3a935d/','tif'),(157,'bc3a935d','000267080000010.tif','/var/www/html/myfile/uploads/bc3a935d/','tif'),(158,'4c718991','000267080000030.tif','/var/www/html/myfile/uploads/4c718991/','tif'),(159,'4c718991','000267080000050.tif','/var/www/html/myfile/uploads/4c718991/','tif'),(160,'4c718991','000267080000020.tif','/var/www/html/myfile/uploads/4c718991/','tif'),(161,'e0ba82fe','000267080000030.tif','/var/www/html/myfile/uploads/e0ba82fe/','tif'),(162,'f8ac0468','000267080000030.tif','/var/www/html/myfile/uploads/f8ac0468/','tif'),(163,'f8ac0468','000267080000050.tif','/var/www/html/myfile/uploads/f8ac0468/','tif'),(164,'f8ac0468','000267080000020.tif','/var/www/html/myfile/uploads/f8ac0468/','tif'),(165,'f8ac0468','000267080000070.tif','/var/www/html/myfile/uploads/f8ac0468/','tif'),(166,'27c29a7f','imagen2.jpeg','/var/www/html/obelisksoft/uploads/27c29a7f/','jpeg'),(167,'27c29a7f','images.jpeg','/var/www/html/obelisksoft/uploads/27c29a7f/','jpeg'),(168,'27c29a7f','imagen2.jpeg','/var/www/html/obelisksoft/uploads/27c29a7f/','jpeg'),(169,'27c29a7f','images.jpeg','/var/www/html/obelisksoft/uploads/27c29a7f/','jpeg'),(170,'27c29a7f','000267080000010.tif','/var/www/html/obelisksoft/uploads/27c29a7f/','tif'),(171,'27c29a7f','000267080000020.tif','/var/www/html/obelisksoft/uploads/27c29a7f/','tif'),(172,'27c29a7f','000267080000030.tif','/var/www/html/obelisksoft/uploads/27c29a7f/','tif'),(173,'27c29a7f','000267080000040.tif','/var/www/html/obelisksoft/uploads/27c29a7f/','tif'),(174,'27c29a7f','000267080000050.tif','/var/www/html/obelisksoft/uploads/27c29a7f/','tif'),(175,'27c29a7f','000267080000060.tif','/var/www/html/obelisksoft/uploads/27c29a7f/','tif'),(176,'27c29a7f','000267080000070.tif','/var/www/html/obelisksoft/uploads/27c29a7f/','tif'),(177,'27c29a7f','000267080000020.tif','/var/www/html/obelisksoft/uploads/27c29a7f/','tif'),(178,'27c29a7f','000267080000010.tif','/var/www/html/obelisksoft/uploads/27c29a7f/','tif'),(179,'27c29a7f','000267080000030.tif','/var/www/html/obelisksoft/uploads/27c29a7f/','tif'),(180,'cb35fe77','000267080000020.tif','/var/www/html/obelisksoft/uploads/cb35fe77/','tif'),(181,'cb35fe77','000267080000010.tif','/var/www/html/obelisksoft/uploads/cb35fe77/','tif'),(182,'cb35fe77','000267080000030.tif','/var/www/html/obelisksoft/uploads/cb35fe77/','tif'),(183,'cb35fe77','000267080000040.tif','/var/www/html/obelisksoft/uploads/cb35fe77/','tif'),(184,'cb35fe77','000267080000050.tif','/var/www/html/obelisksoft/uploads/cb35fe77/','tif'),(185,'cb35fe77','000267080000060.tif','/var/www/html/obelisksoft/uploads/cb35fe77/','tif'),(186,'b5591f4b','000267080000010.tif','/var/www/html/obelisksoft/uploads/b5591f4b/','tif'),(187,'ae3909d2','000267080000010.tif','/var/www/html/obelisksoft/uploads/ae3909d2/','tif'),(188,'ae3909d2','000267080000020.tif','/var/www/html/obelisksoft/uploads/ae3909d2/','tif'),(189,'ae3909d2','000267080000030.tif','/var/www/html/obelisksoft/uploads/ae3909d2/','tif'),(190,'6eb1714a','483154_318715668224189_509243018_a.jpg','/var/www/html/obelisksoft/uploads/6eb1714a/','jpg');
/*!40000 ALTER TABLE `my_tmps` ENABLE KEYS */;
UNLOCK TABLES;

--
-- Table structure for table `my_type`
--

DROP TABLE IF EXISTS `my_type`;
/*!40101 SET @saved_cs_client     = @@character_set_client */;
/*!40101 SET character_set_client = utf8 */;
CREATE TABLE `my_type` (
  `id_type` int(11) NOT NULL AUTO_INCREMENT,
  `type` varchar(100) DEFAULT NULL,
  `description` text,
  PRIMARY KEY (`id_type`)
) ENGINE=MyISAM AUTO_INCREMENT=5 DEFAULT CHARSET=latin1;
/*!40101 SET character_set_client = @saved_cs_client */;

--
-- Dumping data for table `my_type`
--

LOCK TABLES `my_type` WRITE;
/*!40000 ALTER TABLE `my_type` DISABLE KEYS */;
INSERT INTO `my_type` VALUES (1,'TEXT','Field of Text'),(2,'INTEGER','Field of Integer'),(3,'EMAIL','Field of Email'),(4,'DATE','Field of Date');
/*!40000 ALTER TABLE `my_type` ENABLE KEYS */;
UNLOCK TABLES;

--
-- Table structure for table `my_users`
--

DROP TABLE IF EXISTS `my_users`;
/*!40101 SET @saved_cs_client     = @@character_set_client */;
/*!40101 SET character_set_client = utf8 */;
CREATE TABLE `my_users` (
  `id_user` int(11) NOT NULL AUTO_INCREMENT,
  `firstname` varchar(100) NOT NULL,
  `lastname` varchar(100) NOT NULL,
  `login` varchar(100) NOT NULL,
  `passwd` varchar(100) NOT NULL,
  `email` varchar(100) NOT NULL,
  `id_rol` int(11) NOT NULL,
  `id_status` int(11) NOT NULL,
  `date` datetime NOT NULL,
  `code` varchar(10) DEFAULT NULL,
  PRIMARY KEY (`id_user`)
) ENGINE=MyISAM AUTO_INCREMENT=10 DEFAULT CHARSET=latin1;
/*!40101 SET character_set_client = @saved_cs_client */;

--
-- Dumping data for table `my_users`
--

LOCK TABLES `my_users` WRITE;
/*!40000 ALTER TABLE `my_users` DISABLE KEYS */;
INSERT INTO `my_users` VALUES (1,'Admin','Administrator','admin','1a35ca0d87152716a10561270cc31b09152a4fc2','admin@01strings.com',1,1,'2014-05-06 23:38:38','11111'),(8,'Willy','Cifuentes','willy.cifuentes','eeb3980e639031f9c0906cd52e2239094e9ee612','wias@hotmail.com',2,1,'2014-08-19 16:10:15','1'),(7,'yeison','hernandez','yeihernandez','bb18f13a0cfd64499e14b8083d7ccf4ffe14e7c6','yeihernandez9@gmail.com',2,1,'2014-08-12 22:03:42','1');
/*!40000 ALTER TABLE `my_users` ENABLE KEYS */;
UNLOCK TABLES;

--
-- Table structure for table `my_valorations`
--

DROP TABLE IF EXISTS `my_valorations`;
/*!40101 SET @saved_cs_client     = @@character_set_client */;
/*!40101 SET character_set_client = utf8 */;
CREATE TABLE `my_valorations` (
  `id_valoration` int(11) NOT NULL AUTO_INCREMENT,
  `valoration` varchar(100) DEFAULT NULL,
  `id_parent` int(11) DEFAULT NULL,
  PRIMARY KEY (`id_valoration`)
) ENGINE=MyISAM AUTO_INCREMENT=9 DEFAULT CHARSET=latin1;
/*!40101 SET character_set_client = @saved_cs_client */;

--
-- Dumping data for table `my_valorations`
--

LOCK TABLES `my_valorations` WRITE;
/*!40000 ALTER TABLE `my_valorations` DISABLE KEYS */;
INSERT INTO `my_valorations` VALUES (1,'MEDELLIN',0),(2,'Alcaldia',1),(6,'CONSTITUCION',0),(7,'Constitucion',6),(8,'119',0);
/*!40000 ALTER TABLE `my_valorations` ENABLE KEYS */;
UNLOCK TABLES;

--
-- Table structure for table `my_valorationtypdoc`
--

DROP TABLE IF EXISTS `my_valorationtypdoc`;
/*!40101 SET @saved_cs_client     = @@character_set_client */;
/*!40101 SET character_set_client = utf8 */;
CREATE TABLE `my_valorationtypdoc` (
  `id_valoration` int(11) DEFAULT NULL,
  `id_typedoc` int(11) DEFAULT NULL
) ENGINE=MyISAM DEFAULT CHARSET=latin1;
/*!40101 SET character_set_client = @saved_cs_client */;

--
-- Dumping data for table `my_valorationtypdoc`
--

LOCK TABLES `my_valorationtypdoc` WRITE;
/*!40000 ALTER TABLE `my_valorationtypdoc` DISABLE KEYS */;
INSERT INTO `my_valorationtypdoc` VALUES (2,3),(2,4),(7,5);
/*!40000 ALTER TABLE `my_valorationtypdoc` ENABLE KEYS */;
UNLOCK TABLES;

--
-- Table structure for table `my_valorationtypedocindex`
--

DROP TABLE IF EXISTS `my_valorationtypedocindex`;
/*!40101 SET @saved_cs_client     = @@character_set_client */;
/*!40101 SET character_set_client = utf8 */;
CREATE TABLE `my_valorationtypedocindex` (
  `id_typedoc` int(11) DEFAULT NULL,
  `id_index` int(11) DEFAULT NULL,
  `orden` int(11) DEFAULT NULL
) ENGINE=MyISAM DEFAULT CHARSET=latin1;
/*!40101 SET character_set_client = @saved_cs_client */;

--
-- Dumping data for table `my_valorationtypedocindex`
--

LOCK TABLES `my_valorationtypedocindex` WRITE;
/*!40000 ALTER TABLE `my_valorationtypedocindex` DISABLE KEYS */;
INSERT INTO `my_valorationtypedocindex` VALUES (3,4,1),(3,2,1),(3,1,1),(4,10,1),(3,8,1),(5,10,1),(5,11,1);
/*!40000 ALTER TABLE `my_valorationtypedocindex` ENABLE KEYS */;
UNLOCK TABLES;
/*!40103 SET TIME_ZONE=@OLD_TIME_ZONE */;

/*!40101 SET SQL_MODE=@OLD_SQL_MODE */;
/*!40014 SET FOREIGN_KEY_CHECKS=@OLD_FOREIGN_KEY_CHECKS */;
/*!40014 SET UNIQUE_CHECKS=@OLD_UNIQUE_CHECKS */;
/*!40101 SET CHARACTER_SET_CLIENT=@OLD_CHARACTER_SET_CLIENT */;
/*!40101 SET CHARACTER_SET_RESULTS=@OLD_CHARACTER_SET_RESULTS */;
/*!40101 SET COLLATION_CONNECTION=@OLD_COLLATION_CONNECTION */;
/*!40111 SET SQL_NOTES=@OLD_SQL_NOTES */;

-- Dump completed on 2015-05-24 20:36:30
